id,ret
0,5000
1,37
2,11
3,4/15
4,6
5,150
6,600
7,4500
8,8.8
9,3
10,41
11,1.5
12,85
13,56
14,54
15,8172
16,16
17,18.7
18,322.5
19,10
20,8
21,9
22,100
23,54
24,250
25,53
26,24
27,48
28,3.768
29,1950
30,4.8
31,75
32,9
33,840
34,30
35,29/20
36,341
37,5
38,7/10
39,46
40,400
41,24
42,8
43,500
44,8
45,17
46,95
47,288
48,900
49,3
50,700
51,9
52,9000
53,280
54,779
55,120
56,142
57,4500
58,1344
59,9
60,13
61,1201
62,1300
63,720
64,2448
65,588
66,13299.2
67,270
68,3640
69,945
70,9
71,75.2
72,6600
73,5/8
74,225
75,5.4
76,25
77,11/20
78,24
79,194
80,2.5
81,78
82,8
83,196
84,275
85,20%
86,15
87,30
88,459
89,474
90,2.98
91,20
92,20
93,4000
94,1406
95,408.2
96,8
97,16
98,8
99,260
100,2436
101,400
102,3327.8
103,13
104,4
105,7
106,2/3
107,20470
108,10.9
109,3_1/3
110,4/5
111,1200
112,560
113,140
114,19
115,590
116,9320
117,583
118,192
119,124
120,1.54
121,13
122,2
123,69
124,4000
125,90%
126,360
127,1.2
128,43
129,770
130,7/9
131,5073
132,10
133,9
134,11200
135,9
136,695
137,50
138,4
139,93
140,90
141,340
142,144
143,17
144,8354.72
145,356
146,15
147,2400
148,4800
149,9
150,2/9
151,384
152,10/3
153,410
154,6400
155,3/10
156,5
157,600
158,78
159,230
160,30
161,50
162,5
163,2
164,28
165,1050
166,398
167,750
168,11
169,72
170,4
171,9
172,168
173,144
174,9/35
175,14
176,52
177,8
178,8
179,14
180,40
181,40.82
182,12
183,27
184,24/7
185,650
186,4500
187,10
188,78
189,7
190,520
191,125.6
192,10795
193,890
194,2800
195,1394
196,656
197,28.26
198,300
199,248
200,450
201,228
202,12
203,7/20
204,5
205,40
206,4/9
207,6
208,42
209,8932
210,6
211,72.9
212,2097
213,31790
214,6
215,31250
216,40
217,5
218,66128
219,2
220,5
221,333
222,20
223,4
224,80
225,2372
226,22
227,9
228,3/7
229,84
230,170
231,393
232,3250
233,207
234,684
235,405
236,701
237,4200
238,1/3
239,205
240,800
241,200
242,25/8
243,5400
244,276
245,3/5
246,80
247,5/6
248,230
249,9
250,2.4
251,7
252,3178.5
253,1260
254,840
255,7500
256,1536
257,6
258,1470
259,5
260,2400
261,480
262,40
263,480
264,48/25
265,5
266,1/24
267,400
268,4
269,9
270,25000
271,13700
272,75
273,12
274,520
275,2050
276,274
277,2.7
278,32
279,2900
280,50.24
281,8
282,5.2
283,736
284,59
285,18
286,240
287,579
288,48
289,2700
290,944
291,5
292,2
293,528
294,16
295,23
296,4800
297,9
298,4
299,105
300,238
301,49/20
302,9
303,8
304,87
305,314
306,9
307,18
308,25
309,9
310,87.92
311,540
312,34
313,2/7
314,36
315,70
316,4
317,324
318,900
319,1/3
320,9
321,432
322,3/8
323,7/4
324,3/5
325,4
326,3650
327,73.75
328,710
329,9
330,10387.5
331,474000
332,16000
333,300
334,4/7
335,936
336,15
337,546
338,6
339,1
340,25
341,90
342,21
343,15
344,90
345,36
346,48
347,3
348,425
349,5
350,32
351,600
352,375
353,1598
354,180
355,200
356,36
357,5
358,2500
359,4
360,401.92
361,628
362,45
363,9
364,4
365,540
366,9/35
367,24
368,5/8
369,299
370,150
371,152
372,10
373,7
374,36
375,1350
376,401
377,75.36
378,4329
379,15/8
380,70
381,42
382,2/5
383,6240
384,55375
385,92
386,45
387,53.304
388,250
389,19
390,7
391,1264
392,768
393,750
394,23.5
395,107
396,450
397,9
398,6432
399,12
400,134
401,136
402,864
403,2
404,795
405,32
406,14
407,4/15
408,7
409,3.14
410,12
411,5
412,1/8
413,800
414,10
415,72
416,45
417,8
418,990
419,10
420,1/3
421,1
422,330
423,2
424,0.96
425,17.6
426,24
427,2560
428,109
429,1400
430,580
431,1200
432,64
433,107
434,12960
435,31
436,448
437,44
438,3.45
439,4800
440,3/8
441,39
442,410
443,87.5
444,64
445,510
446,3/5
447,0.3
448,20
449,1920
450,456
451,68
452,5.2%
453,10
454,30
455,133
456,1080
457,60
458,76
459,390
460,24
461,2400
462,32
463,636
464,6
465,1710
466,240
467,92
468,21
469,30
470,12
471,20
472,700
473,125.6
474,9
475,9
476,204
477,3
478,1152
479,227
480,24
481,533
482,7/36
483,3.2
484,75
485,280
486,18
487,216
488,15
489,1244
490,3
491,96
492,300
493,4
494,440
495,2187.92
496,54
497,1440
498,80
499,1344
500,272
501,800
502,480
503,75/100
504,925
505,729
506,1500
507,680
508,282.6
509,39
510,132
511,10
512,7/40
513,5
514,126
515,63
516,784
517,0.2
518,1/2
519,300
520,43
521,8
522,355
523,180
524,3/8
525,200
526,240
527,95
528,12
529,314
530,120
531,2
532,150
533,50.7
534,7.5
535,450
536,14.4
537,9
538,7
539,80
540,240
541,160
542,216
543,900
544,41
545,40
546,0.2
547,35
548,5
549,96
550,1370
551,34.54
552,92
553,9
554,1250
555,750
556,11
557,3
558,7.85
559,125.6
560,1.4
561,6
562,4
563,125
564,79
565,60
566,2470
567,252
568,384
569,2468.8
570,28.7
571,13.8
572,10700
573,3
574,2500
575,48
576,4
577,2
578,125
579,800
580,1400
581,9
582,438
583,320
584,8
585,9
586,59
587,30
588,35
589,360
590,71
591,16
592,80
593,0.4
594,4
595,150.74
596,0.24
597,925
598,256
599,15000
600,230
601,1.8
602,4
603,80
604,70
605,2/5
606,8
607,7.5
608,5
609,62
610,90
611,9
612,150
613,24
614,10.8
615,7800
616,147.2
617,4
618,3.765
619,120
620,90
621,100
622,800
623,114
624,98
625,18
626,600
627,18
628,379
629,54
630,12
631,314
632,3
633,2000
634,480
635,94%
636,91%
637,62.5%
638,93.75%
639,60
640,30
641,40
642,450
643,36
644,1620
645,9
646,2
647,28
648,21
649,180
650,200
651,30
652,15.5
653,25
654,98%
655,49
656,40
657,96%
658,1.2
659,95%
660,60
661,1200
662,962.5
663,25%
664,60
665,1094.5
666,5
667,200
668,2
669,942
670,25
671,370
672,42
673,32
674,5
675,96%
676,7.5
677,6
678,95%
679,96%
680,2
681,460
682,480
683,450
684,56
685,42
686,4800
687,90
688,360
689,30
690,320
691,1500
692,81
693,3
694,40
695,906
696,384
697,20
698,19/40
699,73
700,48
701,72
702,4
703,3
704,9
705,8
706,94%
707,5/8
708,25
709,90
710,320
711,38
712,2.4
713,0.3
714,10%
715,100
716,24
717,960
718,48
719,30
720,150
721,376.8
722,120
723,40
724,24
725,425
726,420
727,135
728,300
729,307
730,480
731,15
732,32
733,100
734,39
735,135
736,17
737,2
738,49
739,160
740,95%
741,4.5
742,3/8
743,4
744,500
745,4000
746,80
747,17
748,72
749,372
750,7
751,94
752,40
753,10
754,42
755,250
756,8
757,96
758,3
759,400
760,800
761,48
762,215.9
763,190
764,49
765,120
766,22980
767,3.56
768,200
769,50
770,829
771,38
772,182.5
773,39
774,24
775,28
776,25.12
777,180
778,420
779,5
780,7
781,3400
782,3680
783,50
784,1470
785,172
786,12.56
787,4
788,350
789,300
790,98%
791,81
792,300
793,75
794,189.37
795,2850
796,10
797,96
798,4
799,320
800,73.5
801,60
802,40
803,78
804,70
805,37
806,250
807,72
808,5
809,24
810,3.3
811,5
812,2
813,75.36
814,25
815,4298
816,2000
817,12
818,8
819,90
820,90
821,1200
822,88
823,140
824,125.6
825,105
826,138
827,8
828,4
829,204
830,28
831,420
832,3.8
833,27
834,84
835,320
836,40
837,4
838,20
839,5
840,80
841,3/2
842,12
843,4320
844,546
845,148
846,8
847,42
848,34
849,5
850,150
851,5000
852,49
853,14
854,20
855,89_7/60
856,47
857,1008
858,9
859,30
860,36
861,150
862,42
863,2/7
864,24
865,11
866,20
867,25
868,32.3
869,5
870,13.2
871,31.4
872,9
873,60
874,38
875,3
876,9000
877,11%
878,30.82
879,28.26%
880,80
881,300
882,30
883,8
884,49
885,24;30
886,984
887,471
888,12
889,37
890,2.4
891,270
892,39.2
893,57.4
894,48
895,8
896,295
897,13
898,48
899,24
900,3600
901,207000
902,7
903,225
904,27
905,750
906,300
907,60
908,29
909,3.14
910,15
911,6.03
912,300
913,5
914,6.3
915,430
916,5024
917,34.54
918,94.3
919,4
920,200
921,3
922,7
923,96%
924,200
925,192
926,96%
927,75
928,24
929,8
930,40000
931,30000
932,120
933,28.26
934,6
935,300
936,45
937,150
938,7.76
939,13
940,208
941,3
942,204
943,24
944,8
945,5/12
946,176
947,5
948,270
949,56
950,0.4
951,48
952,80
953,285
954,54
955,12
956,16
957,3
958,1200
959,1.3
960,6
961,8
962,640
963,32100
964,16
965,8
966,25
967,7.5
968,45
969,1/15
970,15.642
971,10
972,3686
973,942
974,41
975,18
976,70
977,8
978,384.7
979,845
980,154.3
981,4800
982,30
983,456
984,3.5%
985,74
986,40
987,12
988,4
989,730
990,9
991,2520
992,572
993,630
994,2.5%
995,2040
996,1/2
997,72
998,72
999,2/5
1000,31.4
1001,200
1002,150
1003,15
1004,6
1005,100%
1006,100
1007,50
1008,94376
1009,7/8
1010,2.5
1011,161
1012,125
1013,20%
1014,11
1015,20
1016,15
1017,20
1018,70
1019,4/3
1020,8
1021,40%
1022,50%
1023,62.8
1024,54
1025,45700
1026,13000
1027,25%
1028,44
1029,96
1030,27;8
1031,227
1032,28
1033,10
1034,200
1035,198
1036,0.36
1037,30
1038,400
1039,50
1040,4.5
1041,4800
1042,2.5
1043,3.2
1044,43.8
1045,27
1046,3/4
1047,81
1048,529
1049,375
1050,90
1051,25
1052,240
1053,10
1054,3750
1055,1
1056,24
1057,28.26
1058,5/16
1059,5.12
1060,375
1061,9
1062,3.8
1063,5
1064,15
1065,20
1066,38
1067,9
1068,40
1069,45
1070,55
1071,15
1072,58
1073,284
1074,1/5
1075,4324
1076,15
1077,204
1078,0.6
1079,300
1080,2400
1081,"135,27"
1082,25
1083,3
1084,130
1085,7.6
1086,9/60
1087,48
1088,4/9
1089,0.0144
1090,240
1091,45
1092,1750
1093,196
1094,4392
1095,18
1096,1440
1097,5/8
1098,27
1099,120
1100,1/7
1101,16
1102,410
1103,20
1104,390
1105,2/5
1106,93.3
1107,36
1108,27
1109,20
1110,27
1111,2.5
1112,33.8
1113,50%
1114,400
1115,56
1116,1
1117,70
1118,4
1119,10
1120,15
1121,30
1122,20
1123,12
1124,41
1125,4900
1126,45
1127,1.5
1128,1
1129,0.2
1130,0.92
1131,8
1132,30
1133,550
1134,128
1135,30
1136,30
1137,17
1138,480
1139,280
1140,9000
1141,27
1142,7
1143,225
1144,12
1145,6
1146,200
1147,780
1148,50
1149,41.3
1150,2.8
1151,8
1152,1/2
1153,770
1154,4
1155,270
1156,5
1157,21
1158,954
1159,4
1160,14
1161,4
1162,240
1163,45
1164,13150
1165,9
1166,12
1167,20
1168,78
1169,18
1170,19.5%
1171,900
1172,300
1173,40
1174,15
1175,98%
1176,2.7
1177,2
1178,840
1179,180
1180,3
1181,4590
1182,18
1183,44
1184,170
1185,180
1186,8
1187,199
1188,87
1189,49
1190,3000
1191,180
1192,27
1193,52500
1194,72
1195,95%
1196,15
1197,75
1198,138
1199,314
1200,288
1201,2.5/10*10
1202,19
1203,25%
1204,5
1205,9
1206,15
1207,604
1208,8
1209,7
1210,270
1211,25
1212,427
1213,70%
1214,45
1215,20
1216,45
1217,30
1218,30
1219,750
1220,80%
1221,45
1222,3.75
1223,189
1224,8
1225,20
1226,28.26
1227,2400
1228,18
1229,420
1230,2
1231,4
1232,54
1233,512
1234,900
1235,94.2
1236,87
1237,75
1238,25
1239,30
1240,32%
1241,10
1242,480
1243,80
1244,49
1245,4200
1246,70
1247,69
1248,56
1249,180
1250,39
1251,45
1252,35
1253,14
1254,36
1255,8
1256,30
1257,38
1258,24
1259,16
1260,53
1261,22
1262,4
1263,27
1264,6
1265,45
1266,10
1267,3
1268,23
1269,18
1270,55
1271,53
1272,30
1273,26
1274,45
1275,12
1276,78
1277,9
1278,74
1279,30
1280,81
1281,51
1282,84
1283,24
1284,48
1285,36
1286,27
1287,35
1288,27
1289,48
1290,11
1291,15
1292,29
1293,10
1294,30
1295,8
1296,1
1297,3
1298,8
1299,6
1300,5
1301,20
1302,6
1303,5
1304,6
1305,6
1306,4
1307,5
1308,8
1309,8
1310,7
1311,10
1312,5
1313,32
1314,8
1315,13
1316,27
1317,6
1318,3
1319,9
1320,8
1321,18
1322,70
1323,31
1324,22
1325,56
1326,27
1327,7
1328,4
1329,10
1330,30
1331,9
1332,74
1333,23
1334,4.5
1335,75
1336,54
1337,7
1338,21
1339,5
1340,73
1341,24
1342,6
1343,7
1344,38
1345,84
1346,31
1347,33
1348,24
1349,17
1350,25
1351,16
1352,25
1353,28
1354,29
1355,9
1356,130
1357,75.36
1358,560
1359,200
1360,192
1361,3760
1362,60000
1363,7/9
1364,4
1365,4/5
1366,20
1367,9
1368,376.8
1369,50
1370,36
1371,27
1372,295
1373,60
1374,9
1375,8/35
1376,1250
1377,342
1378,21
1379,8.6
1380,27
1381,301.44
1382,800
1383,168
1384,456
1385,14
1386,15
1387,8
1388,150
1389,2.7
1390,30
1391,48
1392,48000
1393,18
1394,40
1395,16
1396,16
1397,100
1398,90
1399,768
1400,6
1401,180
1402,640
1403,30
1404,24
1405,9
1406,38
1407,25
1408,787
1409,125
1410,146
1411,50
1412,800
1413,35
1414,128
1415,360
1416,297
1417,9
1418,300
1419,35
1420,29/20
1421,29.4
1422,39.45
1423,5
1424,0.008
1425,15
1426,9
1427,4
1428,504
1429,8
1430,30
1431,24
1432,3
1433,128
1434,2.5
1435,40.7
1436,210
1437,262.4
1438,72.4
1439,720
1440,20
1441,11
1442,105
1443,90
1444,36
1445,18
1446,13800
1447,253
1448,0.9
1449,4
1450,44
1451,7.2
1452,216
1453,437
1454,48
1455,80
1456,89
1457,33
1458,14
1459,9
1460,3600
1461,560
1462,176
1463,135
1464,8
1465,270
1466,45
1467,74
1468,10
1469,2.7
1470,137
1471,49
1472,8
1473,180
1474,26
1475,9
1476,50
1477,7200
1478,378
1479,12
1480,0.5
1481,7952
1482,10
1483,3
1484,25/49
1485,4
1486,9
1487,27
1488,8
1489,56
1490,2
1491,27
1492,30
1493,7025
1494,32
1495,4
1496,5
1497,7
1498,9.88
1499,2370
1500,94
1501,2
1502,209
1503,24
1504,471
1505,29
1506,79
1507,216
1508,30.8
1509,360
1510,945
1511,40
1512,25.6
1513,168.75
1514,40
1515,470
1516,36
1517,1.5
1518,10799
1519,18
1520,60
1521,48
1522,390
1523,3
1524,189
1525,6
1526,240
1527,3
1528,32
1529,820
1530,970
1531,30
1532,8
1533,87
1534,5760
1535,1
1536,2.5
1537,26
1538,1/20
1539,800
1540,128
1541,150.72
1542,27
1543,180
1544,3.5
1545,300
1546,320
1547,23
1548,25
1549,18
1550,39
1551,56
1552,400
1553,3150
1554,6
1555,753.6
1556,3.768
1557,3
1558,3
1559,3000
1560,8000
1561,27
1562,10
1563,84
1564,70
1565,90
1566,800
1567,24
1568,5760
1569,9.8
1570,3900
1571,8
1572,31.4
1573,6
1574,52
1575,282.6
1576,942
1577,50
1578,240
1579,302
1580,125
1581,64
1582,125
1583,250
1584,127
1585,960
1586,300
1587,30
1588,49
1589,2400
1590,73
1591,294
1592,96
1593,200
1594,150
1595,34
1596,5.2
1597,20%
1598,10
1599,196
1600,30
1601,256
1602,30
1603,800
1604,32
1605,75%
1606,1320
1607,112
1608,8
1609,39.2
1610,5024
1611,5024
1612,700
1613,400
1614,24.53
1615,56
1616,559
1617,75
1618,150
1619,368
1620,55
1621,80
1622,576
1623,120
1624,240
1625,302.9
1626,28
1627,2500
1628,1.25
1629,14
1630,2000
1631,3.5
1632,15
1633,4
1634,85
1635,24
1636,8
1637,27
1638,20
1639,1.63
1640,72
1641,0.78
1642,300
1643,720
1644,59
1645,100
1646,8
1647,3
1648,576
1649,15
1650,1774
1651,60
1652,10
1653,15
1654,87%
1655,814.92
1656,30
1657,2400
1658,48
1659,42
1660,302
1661,4
1662,6
1663,98
1664,3.2
1665,3
1666,25
1667,660
1668,625
1669,3.42
1670,3/10
1671,63525
1672,980
1673,30
1674,70
1675,108
1676,320
1677,4
1678,72
1679,5000
1680,20
1681,2400
1682,142
1683,240
1684,3
1685,20
1686,145
1687,810
1688,500.24
1689,150
1690,1120
1691,32
1692,3
1693,0.4
1694,28.26
1695,2400
1696,104
1697,5
1698,45
1699,8
1700,38
1701,20
1702,6.95
1703,4.4
1704,30
1705,0.2
1706,4/3
1707,18
1708,800
1709,7.5
1710,480
1711,32
1712,6600
1713,41
1714,800
1715,9
1716,4
1717,490
1718,18
1719,1200
1720,7/23
1721,40.88
1722,12
1723,256
1724,188.4
1725,26
1726,38
1727,31.4
1728,8
1729,840
1730,3
1731,5
1732,96
1733,37.5
1734,25
1735,180
1736,60
1737,126
1738,280
1739,840
1740,27
1741,48
1742,50
1743,1380
1744,40
1745,52
1746,120
1747,24.92
1748,25
1749,3600
1750,214
1751,300
1752,9
1753,1.74
1754,25
1755,45
1756,4
1757,360
1758,15.7
1759,400
1760,17
1761,192
1762,32.13
1763,287
1764,5
1765,750
1766,55
1767,30
1768,36
1769,8
1770,2
1771,240
1772,250
1773,3000
1774,4
1775,200
1776,960
1777,250
1778,1180
1779,920
1780,50
1781,9
1782,1075
1783,1800
1784,63
1785,2
1786,9
1787,5
1788,888
1789,6
1790,600
1791,250
1792,20
1793,11820
1794,5
1795,23
1796,5
1797,430
1798,24
1799,380
1800,4
1801,7/8
1802,3360
1803,30
1804,300
1805,90
1806,7200
1807,28
1808,120
1809,8
1810,630
1811,2
1812,34.54
1813,3
1814,8
1815,108
1816,4
1817,20
1818,228
1819,32
1820,7040
1821,27
1822,256
1823,9
1824,5760
1825,282
1826,10
1827,5
1828,80
1829,248.2
1830,40
1831,2
1832,60
1833,5870
1834,224
1835,314
1836,1457
1837,3
1838,8
1839,3.2
1840,300
1841,2
1842,12
1843,4
1844,7
1845,34.54
1846,125
1847,706
1848,9
1849,3000
1850,828
1851,43.8
1852,40
1853,1035
1854,3
1855,11
1856,1800
1857,3600
1858,50
1859,31
1860,60
1861,2.5
1862,96
1863,12
1864,8
1865,9
1866,430
1867,6
1868,57
1869,7040
1870,630
1871,20
1872,5400
1873,704
1874,2
1875,11
1876,24
1877,6
1878,108
1879,48
1880,9.42
1881,6.27
1882,6
1883,3948
1884,1096
1885,8
1886,8
1887,9
1888,270
1889,8
1890,16
1891,52%
1892,54
1893,34.54
1894,75
1895,512
1896,0.1
1897,3
1898,60
1899,64
1900,9
1901,27
1902,36
1903,2.52
1904,3
1905,192
1906,420
1907,300
1908,27
1909,30
1910,225
1911,1469
1912,12
1913,9
1914,1.4
1915,144
1916,18
1917,11
1918,16
1919,96
1920,12
1921,48
1922,11
1923,504
1924,13
1925,3.6
1926,12
1927,72
1928,5
1929,282.6
1930,20
1931,5
1932,40
1933,90
1934,7890
1935,2
1936,259.2
1937,30.48
1938,11
1939,40
1940,400
1941,0.8
1942,62.8
1943,8000
1944,40.9
1945,27
1946,2309
1947,1550
1948,12
1949,25
1950,20%
1951,7
1952,6
1953,2.4
1954,3
1955,4900
1956,7
1957,2191
1958,87.92
1959,50
1960,16
1961,0.12
1962,3740
1963,25
1964,35000
1965,40.8
1966,240
1967,256
1968,282.6
1969,37
1970,89
1971,4.5
1972,3
1973,0.4
1974,12
1975,43
1976,0.8
1977,60
1978,90
1979,7
1980,25
1981,27
1982,13.4
1983,20.7
1984,9
1985,90
1986,240
1987,3/5
1988,48
1989,4300
1990,201
1991,18
1992,789
1993,497
1994,22
1995,4605
1996,31
1997,12
1998,13
1999,2
2000,12
2001,168
2002,30/5
2003,81
2004,80
2005,30
2006,260
2007,885
2008,900
2009,621
2010,7
2011,42
2012,430
2013,0.5
2014,30
2015,180
2016,14
2017,3.2
2018,5
2019,400
2020,130
2021,84
2022,400
2023,80
2024,40
2025,37.82
2026,150
2027,18
2028,6
2029,15%
2030,25%
2031,4
2032,7
2033,34
2034,3600
2035,2300
2036,720
2037,720
2038,384
2039,2.5
2040,0.8
2041,245
2042,785
2043,6
2044,0.5
2045,10
2046,240
2047,30
2048,7
2049,20
2050,4
2051,1059
2052,216
2053,409.6
2054,10
2055,50.24
2056,45
2057,800
2058,2.4
2059,190000
2060,200
2061,42
2062,不够
2063,27.4
2064,24
2065,70
2066,4000
2067,4096
2068,28.26
2069,315
2070,42
2071,260
2072,3
2073,96
2074,28
2075,70
2076,720
2077,49
2078,480
2079,2000
2080,3.3
2081,23
2082,35
2083,13
2084,3.75
2085,80
2086,942
2087,54
2088,450
2089,1780
2090,120
2091,108
2092,25000
2093,900
2094,705
2095,504
2096,314
2097,24
2098,5
2099,8
2100,840
2101,700
2102,5
2103,30
2104,96
2105,40
2106,8
2107,96
2108,1560
2109,2096
2110,200
2111,4
2112,80
2113,19.84
2114,32
2115,622
2116,5
2117,200
2118,628
2119,120
2120,7.5
2121,88.8
2122,523.56
2123,28.26
2124,2.4
2125,1
2126,830
2127,99
2128,396
2129,90
2130,3
2131,300
2132,5
2133,3895
2134,7
2135,1850
2136,23
2137,8
2138,14
2139,12
2140,3
2141,8
2142,12
2143,12
2144,0.4
2145,9
2146,1452
2147,24
2148,7/12
2149,75
2150,707.376
2151,53.94
2152,4
2153,87.92
2154,704
2155,9
2156,10
2157,120
2158,18
2159,25.12
2160,233
2161,480
2162,84
2163,20
2164,22
2165,40
2166,1040
2167,240
2168,16
2169,2
2170,2
2171,4
2172,10%
2173,10883
2174,7
2175,12.8%
2176,65%
2177,4
2178,320
2179,48
2180,314
2181,240
2182,715
2183,9
2184,2043
2185,150
2186,25
2187,441
2188,912
2189,300
2190,9
2191,8
2192,375
2193,56
2194,2
2195,3400
2196,24
2197,0.4
2198,20
2199,12
2200,78
2201,384
2202,2100
2203,11400
2204,3
2205,5
2206,18
2207,40
2208,18
2209,210
2210,496
2211,251.2
2212,135
2213,3.6
2214,1.52
2215,3
2216,9
2217,246
2218,9
2219,20
2220,1080
2221,4805
2222,490
2223,33
2224,4.9
2225,87.5
2226,7.2
2227,80
2228,56.5
2229,1350
2230,75.36
2231,4
2232,20
2233,9
2234,0.9
2235,2.18
2236,5
2237,92
2238,50
2239,2000
2240,1500
2241,238
2242,4
2243,6428
2244,45
2245,1.5
2246,6
2247,90
2248,4.5
2249,875
2250,1884
2251,90
2252,70
2253,12
2254,1440
2255,9
2256,20
2257,5625
2258,32
2259,7
2260,384
2261,16%
2262,22%
2263,15.9
2264,5
2265,95
2266,2304
2267,22.5
2268,40
2269,27
2270,4
2271,200
2272,35
2273,50
2274,10
2275,81
2276,150
2277,320
2278,1
2279,4
2280,30
2281,1260
2282,900
2283,1190
2284,3408
2285,48
2286,20
2287,15
2288,5
2289,210
2290,100
2291,45
2292,45
2293,48
2294,56
2295,53.34
2296,78
2297,7
2298,4
2299,62.8
2300,24
2301,2
2302,300
2303,30
2304,75.36
2305,3.14
2306,10
2307,19
2308,13
2309,8
2310,8
2311,6
2312,40
2313,500
2314,3750
2315,6
2316,930
2317,480
2318,2
2319,48
2320,75
2321,134
2322,96
2323,34
2324,75
2325,900
2326,1537
2327,35
2328,48
2329,13
2330,75
2331,27
2332,0.2
2333,3900
2334,9.8
2335,80
2336,12
2337,5
2338,639
2339,3
2340,5
2341,1540
2342,4
2343,58
2344,7/36
2345,140
2346,504
2347,144
2348,52
2349,397
2350,1200
2351,33
2352,180
2353,24
2354,150
2355,200
2356,594
2357,12
2358,75
2359,1243
2360,64%
2361,12
2362,448
2363,9
2364,476
2365,39
2366,20
2367,28.26
2368,4
2369,4
2370,70
2371,7
2372,0.4536
2373,84
2374,240
2375,38
2376,8
2377,7
2378,3
2379,2.4
2380,90
2381,24
2382,6.25
2383,1250
2384,370
2385,127
2386,70
2387,730
2388,15
2389,0.75
2390,90
2391,24
2392,21
2393,15
2394,25
2395,5
2396,84
2397,7
2398,352
2399,40%
2400,27.9
2401,80
2402,999
2403,8
2404,230
2405,32
2406,52
2407,2.7
2408,6
2409,9.42
2410,9
2411,50.24
2412,5
2413,3
2414,32
2415,200
2416,12.56
2417,280
2418,70
2419,20
2420,24.97
2421,400
2422,6
2423,25
2424,4.5
2425,360
2426,56
2427,8
2428,150
2429,7.2
2430,19
2431,30
2432,3
2433,3
2434,120
2435,18
2436,73.5
2437,89.2
2438,19
2439,8
2440,9
2441,239
2442,36
2443,5
2444,250
2445,8
2446,105
2447,470
2448,7
2449,57
2450,1650
2451,30
2452,50
2453,249.28
2454,80
2455,25
2456,25%
2457,196
2458,30
2459,2487.5
2460,300
2461,5
2462,5
2463,20
2464,31.4
2465,108
2466,150.72
2467,2
2468,41
2469,3.2
2470,16
2471,44
2472,5
2473,120
2474,12
2475,8
2476,25
2477,4
2478,15
2479,60
2480,15
2481,3
2482,38
2483,4
2484,50.24
2485,600
2486,9
2487,2470
2488,24
2489,8
2490,12
2491,8
2492,12
2493,3
2494,78
2495,534
2496,25
2497,14040
2498,1/8
2499,24
2500,195
2501,3
2502,4000
2503,20
2504,75%
2505,2
2506,4
2507,10
2508,216
2509,48
2510,5000
2511,50.24
2512,850
2513,31.4
2514,2.05
2515,80
2516,3
2517,25.12
2518,471
2519,5
2520,189
2521,5840
2522,38.45
2523,4
2524,12
2525,352
2526,30
2527,300
2528,40
2529,66
2530,12
2531,4
2532,45
2533,80
2534,30
2535,9
2536,4
2537,216
2538,4
2539,144
2540,4.8
2541,8
2542,10
2543,2
2544,300
2545,15
2546,100
2547,30
2548,875
2549,23
2550,3
2551,5
2552,468
2553,12.5%
2554,7
2555,3
2556,300
2557,502.4
2558,5
2559,1152
2560,36%
2561,100
2562,9.2
2563,30
2564,5
2565,345
2566,84
2567,12.56
2568,2
2569,84
2570,105
2571,3020
2572,8
2573,4.5
2574,24
2575,50
2576,5
2577,39
2578,15.7
2579,4
2580,900
2581,12
2582,12
2583,108
2584,3.14
2585,8
2586,52
2587,7
2588,27
2589,9
2590,2.25
2591,9
2592,27
2593,110
2594,360
2595,300
2596,180
2597,21
2598,43.2
2599,50
2600,125
2601,336
2602,300
2603,39
2604,120
2605,60
2606,12
2607,1
2608,8
2609,11
2610,180
2611,28.26
2612,1364
2613,187.5
2614,30
2615,10
2616,92
2617,3000
2618,900
2619,4
2620,96%
2621,0.25
2622,7/9
2623,17
2624,3
2625,40.82
2626,25.12
2627,180
2628,25%
2629,200
2630,540
2631,3
2632,4
2633,73
2634,28
2635,90
2636,8
2637,13.3
2638,16
2639,5
2640,21
2641,5
2642,9
2643,960
2644,35
2645,128
2646,48
2647,48
2648,240
2649,840
2650,4
2651,5
2652,3.2
2653,216
2654,270
2655,2.4
2656,30
2657,5
2658,5
2659,12.7
2660,37.68
2661,8
2662,8
2663,12
2664,180
2665,1800
2666,359
2667,93.75%
2668,84
2669,44
2670,0.4
2671,30
2672,35
2673,36
2674,40
2675,35
2676,20
2677,2
2678,784
2679,139.6
2680,56
2681,9
2682,3.5
2683,36
2684,4
2685,2800
2686,14%
2687,4
2688,84
2689,4
2690,150
2691,840
2692,八
2693,408
2694,8.2
2695,10
2696,75.36
2697,530
2698,3
2699,24
2700,12
2701,24
2702,1200
2703,100
2704,78
2705,200
2706,5
2707,12
2708,6
2709,4
2710,50
2711,13
2712,107.5
2713,720
2714,2
2715,370
2716,75.36
2717,200
2718,24
2719,2.5
2720,12750
2721,1732
2722,19200
2723,907
2724,20300
2725,18
2726,15
2727,50
2728,2234
2729,9
2730,13
2731,27
2732,5
2733,200
2734,6
2735,3
2736,5
2737,1
2738,2
2739,7
2740,2.5
2741,9
2742,3
2743,980
2744,35
2745,45
2746,27
2747,23
2748,250
2749,409.6
2750,26
2751,19
2752,1000
2753,5
2754,4
2755,96
2756,1.26
2757,200
2758,42
2759,37.5
2760,2
2761,840
2762,90
2763,432
2764,115
2765,18.7
2766,8
2767,4
2768,419
2769,5
2770,10
2771,43.9
2772,6
2773,20
2774,50
2775,24
2776,8
2777,84
2778,60
2779,240
2780,9_2/3
2781,20
2782,4
2783,4
2784,375
2785,7
2786,1560
2787,86
2788,256
2789,15
2790,7
2791,4
2792,36
2793,80
2794,5
2795,100
2796,43.2
2797,4
2798,5
2799,7
2800,5
2801,480
2802,7
2803,100
2804,300
2805,240
2806,75
2807,28
2808,45
2809,16
2810,904.32
2811,1344
2812,80
2813,3
2814,25.12
2815,1
2816,12
2817,3600
2818,49
2819,230
2820,3.14
2821,130
2822,240
2823,7
2824,7.5
2825,70
2826,4080
2827,5
2828,250
2829,24
2830,230
2831,17
2832,30
2833,72
2834,598
2835,6
2836,19
2837,10240
2838,1200
2839,50%
2840,80
2841,40
2842,35
2843,27
2844,390
2845,200.96
2846,40
2847,30
2848,94.2
2849,846
2850,9
2851,50.24
2852,2.5
2853,8
2854,30
2855,10%
2856,2
2857,28
2858,30
2859,8
2860,5500
2861,318
2862,7
2863,30.9
2864,8
2865,16
2866,10
2867,500
2868,4.71
2869,1000
2870,280
2871,3000
2872,1200
2873,5
2874,25.12
2875,750
2876,5
2877,25%
2878,910
2879,32
2880,5
2881,7200
2882,96%
2883,30
2884,8
2885,7.5
2886,10
2887,62.8
2888,1380
2889,251.2
2890,1050
2891,270
2892,2
2893,7
2894,250
2895,25%
2896,20
2897,279
2898,2490
2899,1275
2900,9
2901,527
2902,12
2903,9
2904,27
2905,136
2906,30
2907,6
2908,50.24
2909,300
2910,7
2911,10
2912,505
2913,66
2914,4
2915,80
2916,15
2917,150.72
2918,45
2919,329
2920,180
2921,16
2922,4
2923,6600
2924,2.5
2925,4
2926,1200
2927,9
2928,392
2929,8
2930,132
2931,16
2932,879
2933,40
2934,7
2935,75.36
2936,40
2937,78.5
2938,7
2939,10
2940,27000
2941,200
2942,4050
2943,84
2944,12
2945,219.5
2946,40
2947,28.26
2948,60
2949,385
2950,40
2951,3.6
2952,72
2953,75
2954,525
2955,11.85
2956,9
2957,7
2958,30
2959,8
2960,8
2961,27
2962,44
2963,70
2964,53.62
2965,30
2966,80
2967,90
2968,30
2969,28
2970,12
2971,24
2972,90
2973,20
2974,3.2
2975,12
2976,14.4
2977,62.8
2978,176
2979,25
2980,48
2981,96.4%
2982,4
2983,4000
2984,8000
2985,470
2986,1.6
2987,5
2988,130
2989,2
2990,5.6
2991,1.6
2992,78.5
2993,398.4
2994,500
2995,40
2996,400
2997,175
2998,18
2999,12
3000,40
3001,240
3002,88
3003,65.96
3004,0.3
3005,30
3006,27
3007,25
3008,126
3009,226.08
3010,87.92
3011,1.2
3012,502.4
3013,1281
3014,3.768
3015,5000
3016,4
3017,200
3018,96
3019,120
3020,40
3021,25
3022,80
3023,80
3024,15
3025,56
3026,30
3027,4000
3028,3768
3029,144
3030,9
3031,734
3032,12
3033,18/5
3034,8
3035,80
3036,168
3037,8
3038,15%
3039,4
3040,125.6
3041,3
3042,10
3043,3.75
3044,121
3045,7.5
3046,34
3047,1780
3048,6
3049,24
3050,3
3051,45
3052,45
3053,8
3054,21
3055,27
3056,400
3057,3
3058,300
3059,517.6
3060,1250
3061,732
3062,50.24
3063,37.68
3064,28
3065,40
3066,1500
3067,24
3068,140
3069,750
3070,120
3071,630
3072,25%
3073,80
3074,4.3
3075,320
3076,27
3077,3.768
3078,30
3079,30
3080,75
3081,80
3082,3.768
3083,0.74
3084,24
3085,27
3086,1700
3087,20
3088,5
3089,8
3090,100%
3091,192
3092,42
3093,48
3094,392.5
3095,379.2
3096,78
3097,2
3098,39.2
3099,3
3100,2.38
3101,5/8
3102,98
3103,32
3104,72
3105,15
3106,120
3107,900
3108,50
3109,2_2/9
3110,4
3111,360
3112,192
3113,160
3114,490
3115,1
3116,300
3117,285
3118,87
3119,45
3120,346
3121,304
3122,300
3123,12
3124,12
3125,150
3126,450
3127,28
3128,7
3129,400
3130,3000
3131,80
3132,5
3133,9.8
3134,8000
3135,48
3136,244.92
3137,47
3138,720
3139,47
3140,95%
3141,3000
3142,20
3143,18
3144,8
3145,232
3146,5
3147,90
3148,1
3149,450
3150,20
3151,30
3152,4
3153,55
3154,9
3155,120
3156,24
3157,0.4
3158,32
3159,8
3160,96
3161,200
3162,1440
3163,10%
3164,1.44
3165,48
3166,15
3167,38
3168,74
3169,7
3170,24
3171,20
3172,32
3173,39
3174,84
3175,40
3176,1847
3177,27
3178,624
3179,48
3180,900
3181,36.3
3182,2
3183,5.3
3184,720
3185,180
3186,5.5
3187,286
3188,609
3189,15
3190,72
3191,425
3192,278
3193,60
3194,720
3195,30
3196,52
3197,51400
3198,1800
3199,486
3200,70
3201,80
3202,3600
3203,32
3204,93
3205,7
3206,475
3207,230
3208,74
3209,70
3210,120
3211,43.8
3212,72
3213,8
3214,9
3215,75
3216,600
3217,800
3218,24
3219,100
3220,8
3221,5
3222,15
3223,350
3224,360
3225,475
3226,160
3227,5
3228,20
3229,35
3230,2340
3231,384
3232,3800
3233,36
3234,27
3235,3084
3236,1290
3237,3250
3238,275
3239,75
3240,288
3241,3480
3242,1100
3243,1160
3244,1800
3245,50
3246,1960
3247,327
3248,2400
3249,1800
3250,280
3251,78
3252,300
3253,1200
3254,30
3255,6
3256,3
3257,3
3258,8
3259,4
3260,2180
3261,8
3262,3
3263,20
3264,3
3265,9
3266,7
3267,485
3268,30
3269,186
3270,225
3271,24
3272,27
3273,8
3274,75
3275,336
3276,180
3277,35
3278,305
3279,625
3280,784
3281,5000
3282,7
3283,158
3284,1208
3285,4
3286,29
3287,8
3288,50
3289,900
3290,250
3291,37
3292,120
3293,9
3294,59
3295,29
3296,97
3297,200
3298,1000
3299,29
3300,7
3301,27
3302,296
3303,12
3304,99
3305,11
3306,447
3307,477
3308,93
3309,39
3310,112
3311,740
3312,84
3313,9
3314,31
3315,7
3316,63
3317,315
3318,352
3319,8
3320,220
3321,54
3322,635
3323,21
3324,8320
3325,60
3326,200
3327,2400
3328,1425
3329,32
3330,80
3331,90
3332,250
3333,864
3334,420
3335,90
3336,197
3337,20
3338,432
3339,448
3340,200
3341,780
3342,85
3343,4
3344,237
3345,25
3346,100
3347,14
3348,2400
3349,174
3350,32
3351,13
3352,13
3353,48
3354,39
3355,2600
3356,784
3357,130
3358,60
3359,86
3360,220
3361,352
3362,204
3363,504
3364,40
3365,38
3366,38
3367,300
3368,108
3369,5
3370,13500
3371,20995
3372,940
3373,576
3374,748
3375,380
3376,9
3377,910
3378,300
3379,256
3380,27
3381,942
3382,90
3383,1080
3384,1674
3385,70
3386,25
3387,15
3388,24
3389,45
3390,98
3391,432
3392,960
3393,60
3394,40
3395,130
3396,24
3397,35
3398,60
3399,100
3400,845
3401,90
3402,45
3403,74
3404,7.5
3405,46
3406,246
3407,50
3408,25
3409,16
3410,100
3411,6
3412,27
3413,3710
3414,50
3415,240
3416,5
3417,50
3418,16
3419,237
3420,52
3421,101
3422,552
3423,5780
3424,1500
3425,9
3426,3120
3427,432
3428,8
3429,25
3430,4
3431,38
3432,2500
3433,12
3434,70
3435,49.16
3436,3
3437,18
3438,38
3439,84
3440,0.84
3441,480
3442,70
3443,10
3444,4650
3445,252
3446,70
3447,4
3448,90
3449,96
3450,1400
3451,240
3452,5200
3453,4
3454,74
3455,128
3456,14
3457,27
3458,40
3459,30
3460,32
3461,2
3462,15
3463,384
3464,3
3465,7
3466,190
3467,180
3468,87
3469,400
3470,3.2
3471,9
3472,12.4
3473,756
3474,8
3475,375
3476,23
3477,30
3478,8
3479,600
3480,895
3481,3
3482,40
3483,49
3484,800
3485,48
3486,40
3487,63
3488,344
3489,90
3490,20
3491,192
3492,13
3493,84
3494,100
3495,15
3496,9
3497,3.6
3498,3
3499,9
3500,6
3501,16
3502,7
3503,800
3504,4
3505,3120
3506,17
3507,64
3508,175
3509,32
3510,300
3511,420
3512,12
3513,9375
3514,11.75
3515,5760
3516,136
3517,6
3518,6
3519,425
3520,192
3521,8
3522,24
3523,6
3524,81
3525,2000
3526,40
3527,90
3528,3
3529,10
3530,4
3531,25
3532,7
3533,396
3534,0.2
3535,5
3536,9
3537,6
3538,192
3539,356
3540,150
3541,2400
3542,12180
3543,2600
3544,6
3545,4
3546,15
3547,1494
3548,588
3549,2000
3550,10
3551,75
3552,15
3553,4750
3554,205
3555,720
3556,226
3557,7
3558,5000
3559,520
3560,394
3561,1400
3562,800
3563,9
3564,380
3565,163
3566,32
3567,4312
3568,1512
3569,2
3570,13
3571,10
3572,12
3573,35
3574,42
3575,2200
3576,57
3577,20
3578,18
3579,34
3580,4560
3581,76
3582,74
3583,49
3584,30
3585,4
3586,50
3587,324
3588,6480
3589,8
3590,4000
3591,50
3592,5.76
3593,19
3594,30
3595,1760
3596,47
3597,10
3598,23
3599,8
3600,150
3601,70240
3602,74
3603,284
3604,1500
3605,640
3606,40
3607,15
3608,22
3609,6
3610,9
3611,25
3612,7844
3613,78
3614,945
3615,8
3616,720
3617,112
3618,2.56
3619,160
3620,72
3621,6
3622,450
3623,183
3624,15
3625,4400
3626,150
3627,48
3628,1080
3629,270
3630,1200
3631,920
3632,84
3633,13000
3634,3875
3635,175
3636,105
3637,477
3638,16
3639,390
3640,47
3641,7
3642,120
3643,4440
3644,20.9
3645,23
3646,24
3647,2450
3648,3
3649,270
3650,20
3651,9
3652,48
3653,270
3654,138
3655,3
3656,119
3657,915
3658,70
3659,572
3660,24
3661,7250
3662,5
3663,54
3664,17
3665,432
3666,92
3667,391
3668,805
3669,396
3670,2700
3671,144
3672,13
3673,100
3674,9.5
3675,704
3676,4870
3677,12
3678,1.2
3679,5880
3680,840
3681,480
3682,9
3683,6
3684,10
3685,75
3686,1536
3687,400
3688,1000
3689,384
3690,300
3691,2
3692,8
3693,38
3694,1158
3695,504
3696,40
3697,3
3698,1300
3699,203
3700,1632
3701,19
3702,960
3703,5
3704,1350
3705,7
3706,4500
3707,80
3708,10
3709,42
3710,6
3711,74
3712,1810
3713,6
3714,480
3715,580
3716,10000
3717,519
3718,32
3719,684
3720,12
3721,318
3722,1095
3723,72
3724,14850
3725,8
3726,8
3727,100
3728,10
3729,30
3730,1350
3731,84
3732,320
3733,38
3734,534
3735,250
3736,107
3737,3800
3738,544
3739,12000
3740,429
3741,1500
3742,732
3743,5370
3744,120
3745,450
3746,212
3747,8
3748,225
3749,10
3750,720
3751,105
3752,250
3753,288
3754,1334
3755,720
3756,39
3757,50
3758,3360
3759,5000
3760,18000
3761,94
3762,75
3763,6
3764,1.2
3765,11
3766,10
3767,2070
3768,300
3769,6
3770,51
3771,2160
3772,108
3773,9
3774,780
3775,11
3776,20000
3777,8
3778,76325
3779,8
3780,552
3781,2
3782,10
3783,175
3784,4
3785,4
3786,4090
3787,48
3788,414
3789,432
3790,0.65
3791,3470
3792,294
3793,65
3794,270
3795,93.6
3796,30
3797,36
3798,90
3799,94
3800,1080
3801,7.8
3802,7330
3803,7
3804,15
3805,84
3806,1691
3807,5000
3808,54
3809,5
3810,195
3811,144
3812,48
3813,155
3814,900
3815,48
3816,493
3817,25
3818,45
3819,36
3820,12750
3821,40
3822,36
3823,5
3824,120
3825,5
3826,36
3827,9
3828,576
3829,1770
3830,389
3831,34.56
3832,14000
3833,13
3834,180
3835,60
3836,896
3837,14
3838,45
3839,3150
3840,8100
3841,1232
3842,192
3843,1639
3844,2
3845,7
3846,7
3847,576
3848,35
3849,7600
3850,90
3851,256
3852,3
3853,56
3854,2520
3855,50
3856,576
3857,t8
3858,455
3859,75
3860,960
3861,96
3862,140
3863,1440
3864,478
3865,3900
3866,1440
3867,375
3868,428
3869,5000
3870,4
3871,40
3872,28
3873,10080
3874,30
3875,5760
3876,54
3877,120
3878,750
3879,2800
3880,9.6
3881,10
3882,7
3883,3
3884,29
3885,4
3886,180
3887,240
3888,200
3889,1200
3890,144
3891,8
3892,1.84
3893,96
3894,8
3895,24
3896,270
3897,27
3898,12
3899,25
3900,9
3901,36
3902,30
3903,3600
3904,2
3905,5
3906,144
3907,168
3908,10
3909,3.2
3910,410
3911,6
3912,91
3913,190
3914,16054
3915,5000
3916,1260
3917,20
3918,3360
3919,312
3920,75
3921,520
3922,2100
3923,33
3924,700
3925,5
3926,7
3927,330
3928,200
3929,270
3930,384
3931,4.08
3932,360
3933,39
3934,175
3935,50
3936,1552
3937,35
3938,731
3939,9245
3940,412
3941,1247
3942,7
3943,736
3944,12.8
3945,32
3946,300
3947,2.4
3948,40
3949,4
3950,945
3951,420
3952,5
3953,54
3954,462
3955,1600
3956,682
3957,3
3958,9
3959,20
3960,90
3961,81
3962,36
3963,375
3964,549
3965,104
3966,50
3967,4
3968,352
3969,15
3970,8
3971,80
3972,555
3973,920
3974,100
3975,37.5
3976,7
3977,20
3978,35
3979,40
3980,10
3981,743
3982,10
3983,3600
3984,30
3985,275
3986,51
3987,9
3988,344
3989,28
3990,1760
3991,8
3992,2920
3993,60
3994,960
3995,13
3996,9
3997,50
3998,50
3999,27
4000,47
4001,21
4002,1890
4003,1754
4004,5934
4005,48
4006,63
4007,3
4008,85
4009,170
4010,380
4011,12
4012,144
4013,10
4014,132
4015,60
4016,20
4017,208
4018,13.8
4019,13.8
4020,12
4021,2.0
4022,8
4023,390
4024,80
4025,800
4026,3192
4027,8
4028,300
4029,3
4030,24
4031,9
4032,30
4033,960
4034,52
4035,24
4036,4
4037,732
4038,3720
4039,247.5
4040,34
4041,500
4042,30
4043,800
4044,12
4045,320
4046,2400
4047,5760
4048,88
4049,292
4050,108
4051,3
4052,200
4053,7
4054,8
4055,103
4056,18
4057,270
4058,277
4059,28
4060,200
4061,3090
4062,576
4063,705
4064,4
4065,410
4066,142
4067,4320
4068,20
4069,936
4070,7
4071,7500
4072,79
4073,220
4074,1400
4075,245
4076,30
4077,6
4078,9.5
4079,375
4080,12
4081,160
4082,4998
4083,1672
4084,7.5
4085,3520
4086,125
4087,1442
4088,24000
4089,9
4090,48
4091,930
4092,72
4093,25
4094,9600
4095,3194
4096,4
4097,3.5
4098,237
4099,2080
4100,45
4101,375
4102,800
4103,30
4104,18
4105,1600
4106,2
4107,230.4
4108,39
4109,24.75
4110,8
4111,6/5
4112,5
4113,37
4114,4060
4115,85
4116,8
4117,8
4118,12
4119,690
4120,24
4121,5
4122,48
4123,9
4124,12
4125,50
4126,30000
4127,1035
4128,94
4129,95
4130,312.5
4131,64
4132,1375
4133,27
4134,196
4135,18
4136,456
4137,3
4138,13
4139,1.6
4140,40
4141,85
4142,960
4143,90
4144,1112
4145,40
4146,49
4147,13
4148,12
4149,1163
4150,248
4151,100
4152,10
4153,456
4154,378
4155,5
4156,2.4
4157,428
4158,5
4159,2
4160,375
4161,240
4162,3.14
4163,3920
4164,87
4165,960
4166,37
4167,380
4168,18
4169,18
4170,512
4171,18.4375
4172,576
4173,1600
4174,384
4175,400
4176,28
4177,343.56
4178,394.96
4179,30
4180,4080
4181,6
4182,179.2
4183,153
4184,232
4185,42.5
4186,25
4187,72
4188,3
4189,4
4190,32
4191,538
4192,240
4193,4
4194,96.25%
4195,21.98
4196,175
4197,384
4198,62.8
4199,27
4200,105
4201,9
4202,130%
4203,48
4204,3.14
4205,22500
4206,13
4207,730
4208,139
4209,5200
4210,44
4211,12
4212,216
4213,30
4214,170
4215,35
4216,5
4217,180
4218,50
4219,1050
4220,10
4221,180
4222,72
4223,384
4224,5
4225,408.24
4226,90
4227,360
4228,2
4229,37.68
4230,54
4231,30
4232,94.2
4233,12.5%
4234,35.632
4235,48
4236,30
4237,36
4238,7
4239,48
4240,9
4241,30
4242,48
4243,400
4244,62
4245,1920
4246,700
4247,35
4248,440
4249,2.4
4250,12
4251,37
4252,900
4253,4.05
4254,27
4255,3.5
4256,25.6
4257,8
4258,150
4259,40
4260,15
4261,1092
4262,48
4263,720
4264,320
4265,8
4266,1
4267,69
4268,82
4269,12.56
4270,2
4271,32
4272,32
4273,75
4274,60
4275,540
4276,320
4277,140
4278,19
4279,5328
4280,36
4281,75.36
4282,20
4283,40
4284,27
4285,900
4286,17
4287,2700
4288,70
4289,35880
4290,32
4291,5
4292,10
4293,5090
4294,450
4295,144
4296,36
4297,780
4298,84
4299,30
4300,7
4301,24
4302,7200
4303,2
4304,320
4305,40
4306,30
4307,5
4308,5
4309,1000
4310,400
4311,3800
4312,45
4313,288
4314,25%
4315,10%
4316,3906
4317,289
4318,230
4319,18
4320,192
4321,4
4322,255
4323,40
4324,3
4325,251.2
4326,51.9
4327,2
4328,40
4329,0.7
4330,32
4331,1800
4332,15
4333,288
4334,382
4335,200
4336,400
4337,72
4338,32
4339,64
4340,9.7%
4341,700
4342,3
4343,4800
4344,108
4345,4.2
4346,40%
4347,25
4348,20%
4349,8
4350,5
4351,40
4352,6
4353,12
4354,7
4355,28
4356,2
4357,98
4358,1.3
4359,9
4360,240
4361,8
4362,2
4363,12
4364,750
4365,8
4366,200
4367,20/3
4368,270
4369,90
4370,78
4371,83.9
4372,20
4373,20
4374,14
4375,3/5
4376,52
4377,37
4378,25
4379,9
4380,3.14
4381,94
4382,2.7
4383,45
4384,274
4385,18
4386,2
4387,2
4388,450
4389,30
4390,240
4391,496
4392,7
4393,3
4394,17
4395,5140
4396,6400
4397,36000
4398,9
4399,7
4400,5
4401,720
4402,192
4403,20
4404,80
4405,12
4406,30
4407,9.6
4408,17
4409,23
4410,9
4411,93.2
4412,50
4413,207
4414,123
4415,4
4416,40
4417,96
4418,1000
4419,300
4420,9
4421,75
4422,12
4423,100
4424,5000
4425,480
4426,7800
4427,78
4428,376.8
4429,314
4430,282.6
4431,40
4432,1/3
4433,120
4434,2
4435,800
4436,125
4437,9
4438,28.26
4439,3.14
4440,10
4441,1400
4442,10%
4443,28.26
4444,135
4445,20
4446,7.5
4447,153.6
4448,50.24
4449,34.54
4450,28.26
4451,3
4452,50.24
4453,5
4454,28800
4455,24
4456,9450
4457,30
4458,3
4459,60
4460,180
4461,304.32
4462,90
4463,40
4464,45.96
4465,28.26
4466,12.56
4467,3.14
4468,36
4469,840
4470,450
4471,300
4472,34.56
4473,2
4474,24400
4475,50.24
4476,2.5
4477,9
4478,320
4479,1920
4480,300
4481,546
4482,75.36
4483,360
4484,188
4485,150
4486,384
4487,27
4488,5
4489,50.24
4490,78.5
4491,2.5
4492,62.8
4493,15
4494,2300
4495,12.5
4496,50.24
4497,9
4498,2890
4499,30
4500,93
4501,130
4502,3
4503,360
4504,12.56
4505,30%
4506,15.7
4507,12.56
4508,12.56
4509,4541
4510,25
4511,170
4512,18
4513,7
4514,7
4515,30
4516,6.28
4517,141.3
4518,87.92
4519,34
4520,4/9
4521,9.0
4522,3900
4523,15.7
4524,3.2
4525,59.4
4526,3205.6
4527,32
4528,512
4529,1200
4530,6
4531,90
4532,14500
4533,6
4534,80
4535,72
4536,90
4537,2826
4538,5
4539,265
4540,3900
4541,32
4542,502.4
4543,28.26
4544,376
4545,78.5
4546,48
4547,24
4548,58
4549,522
4550,87.92
4551,25%
4552,11.56
4553,48
4554,3
4555,38
4556,157
4557,56.52
4558,20
4559,200
4560,2
4561,150.74
4562,2.7
4563,30
4564,500
4565,3200
4566,250
4567,30.82
4568,314
4569,97.4%
4570,5
4571,53π
4572,3
4573,39.2
4574,12.56
4575,6
4576,7
4577,3014.4
4578,39.28
4579,50.24
4580,48/5
4581,18.84
4582,10
4583,3.768
4584,9
4585,6.28
4586,8.0384
4587,4/25
4588,300
4589,2400
4590,36
4591,4
4592,48
4593,2826
4594,9
4595,3
4596,6
4597,9
4598,14
4599,38.5
4600,2826
4601,50.24
4602,45
4603,100
4604,2.0536
4605,3.14
4606,75.36
4607,52.09
4608,3/4
4609,5280
4610,60
4611,314
4612,19.625
4613,39.2
4614,7.5
4615,3.14
4616,3
4617,1256
4618,240
4619,20
4620,5.024
4621,93.75%
4622,12
4623,500
4624,27
4625,960
4626,8
4627,21.98
4628,180
4629,30
4630,35.2
4631,5625
4632,75.2
4633,47.2
4634,34
4635,19
4636,48
4637,23.5
4638,400
4639,35
4640,42
4641,2.512
4642,31.09
4643,40.82
4644,3600
4645,374
4646,2.5
4647,48
4648,3
4649,74
4650,13.09
4651,4
4652,1200
4653,43.5
4654,1000
4655,0.3
4656,1890
4657,90
4658,24
4659,9
4660,40.82
4661,153
4662,540
4663,20
4664,4
4665,125.6
4666,489
4667,28.26
4668,14
4669,7850
4670,520
4671,25.12
4672,29.2
4673,250
4674,48
4675,3
4676,49
4677,12.5%
4678,22.15
4679,800.96
4680,42
4681,9/56
4682,25%
4683,9
4684,942
4685,2
4686,3
4687,180
4688,900
4689,1/8
4690,2.5
4691,8
4692,78
4693,24.924
4694,18.84
4695,401.92
4696,40
4697,0.9
4698,37.5
4699,314
4700,1884
4701,50.24
4702,1.5
4703,3
4704,7
4705,20
4706,810
4707,56
4708,449
4709,34
4710,20%
4711,23
4712,3760
4713,112
4714,87.92
4715,1.2
4716,14.13
4717,28.26
4718,720
4719,43.8
4720,2/5
4721,562
4722,894
4723,20
4724,28.26
4725,18.84
4726,27
4727,20
4728,78.5
4729,45
4730,8
4731,380
4732,125
4733,36
4734,14000
4735,87.92
4736,144
4737,15
4738,1500
4739,1600
4740,25.12
4741,31.4
4742,10
4743,25.12
4744,78_2/9
4745,788.4
4746,12
4747,48
4748,301.44
4749,301.44
4750,285
4751,24
4752,19.628
4753,402
4754,800
4755,4000
4756,12.56
4757,54
4758,2.7
4759,160
4760,16
4761,4.5
4762,3.78
4763,0.002
4764,2020
4765,12
4766,39.24
4767,5024
4768,5
4769,24.92
4770,40.82
4771,20
4772,12.39
4773,36
4774,20
4775,50
4776,53.38
4777,3.768
4778,12.5%
4779,45.2
4780,24.92
4781,150.74
4782,20
4783,192
4784,444
4785,7850
4786,600
4787,3
4788,7
4789,7.065
4790,30
4791,4985
4792,2826
4793,314
4794,60
4795,40.32
4796,706.5
4797,28.26
4798,5
4799,56.52
4800,314
4801,3.14
4802,5
4803,5
4804,85
4805,502.4
4806,54
4807,942
4808,282.6
4809,2.51536
4810,37.68
4811,942
4812,62.8
4813,200
4814,25
4815,216
4816,52%
4817,7/40
4818,4
4819,5000
4820,30
4821,301.44
4822,9.42
4823,795
4824,104.
4825,200
4826,4.5
4827,4
4828,56.52
4829,361
4830,314
4831,2826
4832,384
4833,7
4834,408.25
4835,60
4836,5.3
4837,50.24
4838,25
4839,28.26
4840,21
4841,2
4842,1800
4843,73.8
4844,28.26
4845,750
4846,8
4847,30
4848,696
4849,400
4850,3.2
4851,40
4852,60
4853,353
4854,4/15
4855,4
4856,90
4857,2400
4858,50
4859,1/10
4860,4
4861,39.2
4862,3.5
4863,0.785
4864,6
4865,50.24
4866,15
4867,6
4868,189
4869,75
4870,49
4871,40/9
4872,48
4873,7536
4874,87.92
4875,50.24
4876,314
4877,502.4
4878,160
4879,2/3
4880,28.26
4881,4
4882,5
4883,1/5
4884,5
4885,70
4886,12
4887,4
4888,38
4889,10
4890,3
4891,50
4892,48
4893,4500
4894,10
4895,6
4896,50
4897,40
4898,6
4899,10
4900,120
4901,30
4902,47
4903,704
4904,20.07
4905,40.38
4906,30
4907,5
4908,20
4909,82
4910,24
4911,113.04
4912,9
4913,4
4914,5
4915,47
4916,38
4917,36
4918,3
4919,30
4920,52
4921,8492
4922,8.2
4923,2_2/9
4924,10
4925,20
4926,2000
4927,720
4928,30
4929,5
4930,480
4931,45
4932,37.5
4933,0.8
4934,39.5
4935,12
4936,54
4937,10
4938,0.8
4939,12
4940,52
4941,3
4942,9.5
4943,75
4944,67.5
4945,20
4946,1.5
4947,282.6
4948,8
4949,7
4950,18
4951,42
4952,25
4953,9
4954,576
4955,1/4
4956,48
4957,12
4958,4
4959,50.24
4960,50.24
4961,180
4962,15%
4963,20
4964,2
4965,175
4966,83
4967,240
4968,52
4969,62
4970,72
4971,54
4972,68
4973,43
4974,28
4975,63
4976,21
4977,18
4978,17
4979,7
4980,56
4981,9
4982,84
4983,56
4984,57
4985,18
4986,16
4987,24
4988,27
4989,12
4990,35
4991,18
4992,4
4993,5
4994,6
4995,28
4996,12
4997,24
4998,84
4999,9
5000,36
5001,27
5002,24
5003,52
5004,78
5005,115
5006,38
5007,33
5008,8
5009,1
5010,59
5011,47
5012,8
5013,5
5014,7
5015,10
5016,6
5017,6
5018,34
5019,8
5020,8
5021,28
5022,47
5023,3
5024,9
5025,57
5026,81
5027,19
5028,28
5029,20
5030,20
5031,46
5032,44
5033,27
5034,17
5035,10
5036,2
5037,11
5038,48
5039,75
5040,8
5041,4
5042,25
5043,31
5044,60
5045,19
5046,3
5047,4
5048,9
5049,18
5050,25
5051,0
5052,101
5053,35
5054,31
5055,91
5056,73
5057,70
5058,56
5059,26
5060,81
5061,12
5062,55
5063,55
5064,6
5065,18
5066,20
5067,80
5068,97
5069,100
5070,3
5071,51
5072,84
5073,14
5074,24
5075,57
5076,36
5077,8
5078,42
5079,3
5080,27
5081,30
5082,35
5083,16
5084,6
5085,46
5086,32
5087,24
5088,6
5089,33
5090,32
5091,16
5092,24
5093,23
5094,8
5095,6
5096,8
5097,16
5098,15
5099,18
5100,8
5101,18
5102,6
5103,15
5104,47
5105,18
5106,39
5107,3
5108,19
5109,20
5110,18
5111,21
5112,38
5113,27
5114,180
5115,27
5116,4
5117,60
5118,301.44
5119,28
5120,9
5121,4800
5122,800
5123,7
5124,4680
5125,44
5126,32
5127,15
5128,90
5129,4
5130,36
5131,30
5132,269
5133,30
5134,205
5135,30
5136,21
5137,20
5138,18
5139,31.4
5140,75.36
5141,31.4
5142,4.275
5143,1847
5144,3
5145,3.2
5146,20
5147,100
5148,3.584
5149,102
5150,1844
5151,17
5152,200
5153,8
5154,10.8
5155,5360
5156,78.5
5157,20
5158,3000
5159,240
5160,40
5161,270
5162,30
5163,23
5164,800
5165,20
5166,84
5167,243
5168,42
5169,188.4
5170,247
5171,31.432
5172,0.96
5173,225
5174,30
5175,30
5176,120
5177,12
5178,401.92
5179,2250
5180,40
5181,4
5182,4400
5183,60
5184,45
5185,2.5
5186,2300
5187,2340
5188,140
5189,13
5190,3
5191,36
5192,36
5193,18
5194,49
5195,480
5196,209
5197,28
5198,8
5199,0.5
5200,900
5201,0.072
5202,9
5203,7
5204,81
5205,36.3
5206,5
5207,200
5208,8
5209,3.4
5210,60
5211,32
5212,1700
5213,4
5214,50
5215,4
5216,18
5217,47.1
5218,17
5219,21.98
5220,360
5221,32
5222,400
5223,80
5224,4800
5225,34
5226,100
5227,4.4
5228,25
5229,4500
5230,24.98
5231,15
5232,26.4
5233,60
5234,3360
5235,36000
5236,933.6
5237,5.024
5238,38
5239,27
5240,8
5241,2300
5242,700
5243,31.4
5244,1600
5245,48
5246,15
5247,38
5248,74
5249,7
5250,7
5251,20
5252,20
5253,32
5254,39
5255,82
5256,4.4
5257,8
5258,25
5259,75
5260,42
5261,900
5262,208
5263,49
5264,0.3
5265,8
5266,7
5267,118.75
5268,2700
5269,9
5270,14
5271,5
5272,6
5273,35
5274,320
5275,75
5276,128
5277,759.2
5278,30%
5279,4320
5280,17
5281,400
5282,72
5283,1890
5284,250
5285,182.06
5286,12.56
5287,31.4
5288,25
5289,3
5290,96
5291,156
5292,30
5293,299
5294,4
5295,320
5296,50
5297,3
5298,13.6
5299,144
5300,39.2
5301,800
5302,420
5303,5
5304,50
5305,752
5306,30
5307,36
5308,380
5309,400
5310,29
5311,13.68
5312,12
5313,21
5314,8
5315,40
5316,216
5317,90
5318,157.5%
5319,240
5320,30
5321,125.6
5322,48
5323,7.85
5324,40.82
5325,190
5326,37.5
5327,28
5328,30
5329,20000
5330,2000
5331,72
5332,1
5333,159
5334,33.75
5335,7200
5336,180
5337,120
5338,27
5339,52
5340,980
5341,5700
5342,50
5343,384
5344,37.68
5345,376.52
5346,10
5347,225
5348,5
5349,270
5350,1920
5351,1080
5352,189
5353,2800
5354,18
5355,1800
5356,12
5357,480
5358,8
5359,400
5360,3.14
5361,3.75
5362,3
5363,207
5364,10
5365,75
5366,8
5367,30
5368,35.36
5369,0.86
5370,990
5371,5
5372,60000
5373,390
5374,24
5375,25
5376,60
5377,40
5378,2815
5379,200
5380,0.9
5381,40
5382,270
5383,4568
5384,875
5385,40
5386,8
5387,1440
5388,2
5389,19
5390,8
5391,8
5392,3
5393,89
5394,8
5395,15
5396,500
5397,20000
5398,174
5399,52
5400,215
5401,2000
5402,9
5403,23.7
5404,33
5405,34.56
5406,132
5407,50
5408,210
5409,45
5410,30
5411,58
5412,13.8
5413,89
5414,39.27
5415,1732.01
5416,72
5417,704
5418,48
5419,840
5420,180
5421,2.4
5422,5
5423,4.5
5424,2.24
5425,3
5426,30
5427,30
5428,50
5429,900
5430,56
5431,32
5432,8
5433,700
5434,2000
5435,360
5436,432
5437,2.5
5438,270
5439,3
5440,512
5441,18
5442,75
5443,30
5444,15.7
5445,0.32
5446,38
5447,2.9
5448,2.7
5449,0.5
5450,80
5451,108
5452,5.4
5453,130
5454,320
5455,24
5456,2
5457,3856
5458,314
5459,125
5460,300
5461,3.14
5462,9.8
5463,257
5464,5
5465,38
5466,14
5467,3
5468,17
5469,30.4
5470,25
5471,8000
5472,13.5
5473,0.18
5474,25
5475,23
5476,2.8
5477,24
5478,360
5479,18000
5480,7076
5481,10
5482,4.5
5483,1
5484,1
5485,10
5486,2.5
5487,200
5488,121
5489,6
5490,75
5491,34
5492,5
5493,53
5494,190
5495,42
5496,100
5497,3
5498,1700
5499,37.5
5500,3
5501,88
5502,9
5503,1400
5504,2450
5505,25
5506,3
5507,5400
5508,485
5509,800
5510,9
5511,800
5512,32
5513,7
5514,210
5515,3
5516,500
5517,24000
5518,370
5519,5395
5520,8
5521,320
5522,45
5523,1920
5524,35
5525,2
5526,147
5527,120
5528,24.9
5529,2070
5530,75
5531,2000
5532,5437.5
5533,48
5534,3
5535,5
5536,5400
5537,549
5538,10.58
5539,90
5540,10
5541,54
5542,81
5543,39
5544,5
5545,15
5546,34.5
5547,70
5548,4
5549,48
5550,2700
5551,960
5552,840
5553,15
5554,8
5555,600
5556,90
5557,70
5558,2
5559,20
5560,4
5561,180
5562,12440
5563,450
5564,12
5565,8
5566,9
5567,75
5568,8
5569,150
5570,36
5571,4
5572,179
5573,18000
5574,166
5575,9
5576,4
5577,28.26
5578,3.125
5579,140
5580,40.8
5581,16
5582,70.2
5583,280
5584,50
5585,9
5586,70
5587,360
5588,330
5589,46
5590,3
5591,2700
5592,295
5593,9.72
5594,3
5595,75.36
5596,270
5597,51
5598,10
5599,2700
5600,580
5601,1250
5602,4950
5603,2
5604,32
5605,37
5606,3098
5607,7
5608,11
5609,240
5610,45
5611,30
5612,120
5613,3.75
5614,37
5615,94.3
5616,94.2
5617,3920
5618,7.5
5619,72
5620,40
5621,314
5622,47.1
5623,5
5624,72
5625,20
5626,840
5627,20
5628,24
5629,304
5630,250
5631,1809
5632,42
5633,2700
5634,20
5635,75.36
5636,2700
5637,7534
5638,30
5639,40
5640,37.5
5641,2792
5642,2370
5643,480
5644,47
5645,156
5646,6
5647,28.26
5648,72
5649,130
5650,96
5651,28.26
5652,450
5653,450
5654,2
5655,57
5656,20
5657,3.2
5658,5
5659,2
5660,480
5661,32
5662,80
5663,4.8
5664,20
5665,40
5666,30
5667,150
5668,30
5669,3
5670,480
5671,2
5672,300
5673,80
5674,960
5675,34.54
5676,1027.5
5677,20
5678,36
5679,1500
5680,500
5681,37.5
5682,985
5683,38
5684,60
5685,28.26
5686,31.25
5687,605
5688,5379
5689,2250
5690,45
5691,1000
5692,43
5693,49
5694,960
5695,140
5696,2250
5697,1600
5698,24
5699,56
5700,25.12
5701,40
5702,50
5703,24
5704,90
5705,80
5706,70.8
5707,2400
5708,8.7
5709,12430
5710,0.2
5711,45
5712,8
5713,800
5714,1
5715,2487
5716,124
5717,8
5718,240
5719,7
5720,945
5721,37.68
5722,40.82
5723,5
5724,378
5725,95
5726,7.2
5727,300
5728,9
5729,16
5730,7
5731,400
5732,984
5733,109.2
5734,5722
5735,5
5736,3987.56
5737,400
5738,3470
5739,450
5740,8
5741,6.4
5742,10
5743,27
5744,542
5745,90
5746,408
5747,12
5748,2000
5749,28.26
5750,702
5751,352
5752,300
5753,275
5754,132
5755,180
5756,142
5757,23
5758,150
5759,36
5760,20
5761,750
5762,150
5763,93
5764,42
5765,1
5766,2356
5767,28.8
5768,360
5769,270
5770,25
5771,320
5772,75
5773,480
5774,24
5775,2400
5776,30
5777,300
5778,20
5779,10
5780,52
5781,7
5782,192
5783,4
5784,30
5785,4250
5786,85
5787,45
5788,11275
5789,200
5790,20
5791,48
5792,4920
5793,9270
5794,80
5795,81
5796,420
5797,6
5798,3
5799,10.432
5800,306
5801,12
5802,175
5803,74.4
5804,3
5805,2.5
5806,40
5807,100
5808,40
5809,80
5810,18
5811,4
5812,10
5813,475
5814,803
5815,20
5816,27
5817,376
5818,4.8
5819,100
5820,2.7
5821,36
5822,4
5823,32
5824,40
5825,5
5826,8
5827,14
5828,96
5829,24610
5830,2470
5831,320
5832,36000
5833,4
5834,47.5
5835,1250
5836,62.8
5837,3
5838,9.42
5839,37.68
5840,8
5841,4
5842,48
5843,5.5
5844,89
5845,54
5846,23
5847,3600
5848,137.5
5849,7.56
5850,7
5851,97.6
5852,25
5853,7200
5854,8
5855,9350
5856,8400
5857,4000
5858,400
5859,40
5860,5
5861,0.4
5862,108.9
5863,920
5864,20
5865,1.1
5866,360
5867,3
5868,15/8
5869,3.77
5870,16
5871,12
5872,260
5873,0.4
5874,80
5875,32
5876,16
5877,72
5878,2
5879,90
5880,48
5881,415
5882,48
5883,499
5884,32
5885,100
5886,13
5887,9
5888,4
5889,68
5890,34
5891,90
5892,47
5893,27
5894,1960
5895,24
5896,750
5897,0.3
5898,5592
5899,5
5900,3
5901,5.6
5902,87.9
5903,13.5
5904,1380
5905,390
5906,94
5907,9
5908,21
5909,7
5910,61
5911,9
5912,16
5913,33
5914,25
5915,7
5916,3
5917,7
5918,50
5919,60
5920,46
5921,8
5922,8
5923,18
5924,37
5925,42
5926,46
5927,10
5928,694
5929,1621
5930,7
5931,870
5932,6
5933,72
5934,42
5935,2
5936,33
5937,8
5938,6
5939,35
5940,12
5941,20
5942,10
5943,15
5944,15
5945,1
5946,10
5947,32
5948,46
5949,56
5950,4
5951,5
5952,12
5953,11
5954,9
5955,42
5956,21
5957,32
5958,70
5959,44
5960,20
5961,50
5962,18
5963,36
5964,33
5965,24
5966,16
5967,53
5968,31
5969,3
5970,60
5971,53
5972,4
5973,6
5974,5
5975,6
5976,28
5977,12
5978,2
5979,12
5980,9
5981,41
5982,9
5983,4
5984,22
5985,60
5986,9
5987,34
5988,17
5989,27
5990,10
5991,4
5992,5
5993,18
5994,18
5995,20
5996,4
5997,4
5998,8
5999,5
6000,7
6001,21
6002,6
6003,6
6004,34
6005,47
6006,3
6007,9
6008,57
6009,91
6010,19
6011,28
6012,20
6013,20
6014,46
6015,44
6016,27
6017,8
6018,4
6019,25
6020,31
6021,60
6022,19
6023,3
6024,4
6025,9
6026,18
6027,25
6028,0
6029,101
6030,35
6031,31
6032,91
6033,73
6034,70
6035,56
6036,26
6037,81
6038,55
6039,6
6040,97
6041,51
6042,84
6043,16
6044,24
6045,57
6046,36
6047,8
6048,66
6049,29
6050,20
6051,24
6052,37
6053,27
6054,15
6055,88
6056,57
6057,7
6058,16
6059,10
6060,72
6061,81
6062,24
6063,91
6064,8
6065,47
6066,23
6067,27
6068,27
6069,32
6070,19
6071,9
6072,24
6073,72
6074,4
6075,20
6076,4
6077,20
6078,3
6079,25
6080,7
6081,6
6082,18
6083,53
6084,41
6085,37
6086,45
6087,19
6088,38
6089,31
6090,30
6091,11
6092,84
6093,40
6094,44
6095,30
6096,20
6097,35
6098,45
6099,25
6100,8
6101,8
6102,14
6103,42
6104,10
6105,72
6106,34
6107,9
6108,6
6109,3
6110,18
6111,4
6112,19
6113,10
6114,5
6115,3
6116,27
6117,30
6118,60
6119,16
6120,6
6121,46
6122,32
6123,24
6124,33
6125,32
6126,16
6127,24
6128,23
6129,8
6130,6
6131,8
6132,16
6133,15
6134,18
6135,8
6136,18
6137,6
6138,15
6139,47
6140,18
6141,20
6142,70
6143,34
6144,27
6145,21
6146,38
6147,27
6148,180
6149,2
6150,2
6151,80
6152,78
6153,26
6154,20
6155,15
6156,270
6157,139
6158,389
6159,398
6160,4
6161,40
6162,150
6163,5
6164,0.8
6165,2
6166,74
6167,1847
6168,500
6169,720
6170,286
6171,31
6172,20
6173,1800
6174,7
6175,180
6176,210
6177,2400
6178,0.6
6179,7
6180,37
6181,27
6182,88
6183,38
6184,300
6185,435
6186,83
6187,5320
6188,500
6189,403
6190,273
6191,185
6192,500
6193,125
6194,20
6195,1400
6196,240
6197,4200
6198,1008
6199,36
6200,48
6201,12
6202,15
6203,36
6204,50
6205,30
6206,86
6207,54
6208,80
6209,20
6210,78
6211,186
6212,346
6213,73
6214,142
6215,270
6216,99
6217,25
6218,40
6219,5
6220,477
6221,808
6222,129
6223,39
6224,18
6225,9
6226,52
6227,9
6228,9
6229,72
6230,315
6231,253
6232,8
6233,220
6234,14
6235,2200
6236,78
6237,96
6238,123
6239,4
6240,440
6241,53
6242,210
6243,5
6244,6
6245,415
6246,290
6247,92
6248,395
6249,156
6250,5
6251,7
6252,150
6253,200
6254,576
6255,136
6256,78
6257,20
6258,4
6259,225
6260,11
6261,67
6262,34
6263,930
6264,92
6265,75
6266,185
6267,3
6268,21
6269,270
6270,4000
6271,20
6272,850
6273,77
6274,47.6
6275,800
6276,20
6277,78
6278,250
6279,4
6280,9
6281,392
6282,186
6283,5
6284,172
6285,0.84
6286,2.7
6287,22
6288,210
6289,32
6290,24
6291,30
6292,23.2
6293,27
6294,71.8
6295,9
6296,1200
6297,65
6298,91.74
6299,58.3
6300,28
6301,8
6302,308
6303,390
6304,64
6305,165
6306,24910
6307,315
6308,6
6309,76
6310,157
6311,92
6312,37.5
6313,23
6314,130
6315,45
6316,9
6317,45
6318,4300
6319,50
6320,2.5
6321,6
6322,420
6323,308
6324,3
6325,84
6326,3
6327,795
6328,300
6329,3
6330,6120
6331,7280
6332,780
6333,14310
6334,4800
6335,696
6336,125
6337,900
6338,9
6339,45
6340,160
6341,48
6342,160
6343,300
6344,2200
6345,4
6346,6
6347,27
6348,48
6349,2
6350,20
6351,3600
6352,13
6353,7
6354,300
6355,9
6356,12
6357,1400
6358,15
6359,15
6360,19
6361,12
6362,19270
6363,30
6364,12
6365,2/5
6366,3.2
6367,3
6368,2780
6369,708
6370,30
6371,24
6372,45
6373,3/5
6374,8
6375,39
6376,279
6377,252
6378,4.8
6379,2.5
6380,14
6381,20
6382,12
6383,7000
6384,2
6385,120
6386,78
6387,6000
6388,33.5
6389,1.2
6390,45
6391,0.9
6392,9
6393,10
6394,100
6395,75
6396,5600
6397,5.2
6398,3.3
6399,1428
6400,342
6401,250
6402,35
6403,6
6404,200
6405,400
6406,750
6407,882
6408,700
6409,20000
6410,1800
6411,0.7
6412,1400
6413,35
6414,1
6415,239.58
6416,140.1
6417,40.4
6418,1825
6419,8
6420,540
6421,378
6422,1320
6423,30
6424,75
6425,9
6426,2250
6427,270
6428,5
6429,32
6430,13
6431,8
6432,49
6433,480
6434,85
6435,24
6436,180
6437,450
6438,14
6439,17
6440,1200
6441,可以
6442,8
6443,50
6444,40
6445,86.1
6446,9.48
6447,137
6448,9
6449,70
6450,302.96
6451,32
6452,38
6453,40
6454,73
6455,77.8
6456,630
6457,1.8
6458,300
6459,648
6460,120
6461,5
6462,40
6463,950
6464,2000
6465,200
6466,14
6467,6
6468,76
6469,54
6470,20
6471,20
6472,26
6473,18
6474,7
6475,24/7
6476,27
6477,9
6478,4
6479,24
6480,48
6481,20
6482,48
6483,6039
6484,50
6485,390
6486,7
6487,49
6488,480
6489,6
6490,4
6491,240
6492,240
6493,75
6494,8
6495,62.8
6496,87
6497,4053
6498,27.2
6499,24.2
6500,48
6501,50
6502,4.8
6503,4
6504,24
6505,600
6506,149
6507,180
6508,90
6509,16
6510,35
6511,140
6512,32
6513,295
6514,368
6515,5
6516,208
6517,154
6518,8.95
6519,400
6520,27
6521,1840
6522,5
6523,0.49
6524,4
6525,7
6526,300
6527,13.5
6528,74
6529,91
6530,1050
6531,800
6532,32
6533,6
6534,11100
6535,90
6536,178
6537,27
6538,170
6539,38
6540,180
6541,25
6542,1800
6543,222
6544,6
6545,275.6
6546,2000
6547,200
6548,171
6549,375
6550,43
6551,1800
6552,190
6553,9
6554,4
6555,648
6556,133
6557,315
6558,79
6559,4
6560,10
6561,720
6562,1
6563,15
6564,1048
6565,35
6566,54
6567,17
6568,22275
6569,80
6570,120
6571,45
6572,240
6573,1500
6574,11.25
6575,1838
6576,250
6577,97.2
6578,4410
6579,8
6580,36
6581,300
6582,85
6583,2100
6584,4
6585,6
6586,576
6587,34
6588,147
6589,8
6590,1344
6591,1330
6592,20
6593,130
6594,900
6595,70
6596,108
6597,6.5
6598,304
6599,2730
6600,2304
6601,2250
6602,96
6603,376
6604,38
6605,209
6606,18750
6607,120
6608,18.5
6609,18
6610,45
6611,248
6612,4
6613,24
6614,345
6615,975
6616,624
6617,759
6618,42
6619,376
6620,9
6621,9
6622,4
6623,576
6624,1320
6625,6
6626,13040
6627,351
6628,600
6629,60
6630,794
6631,9.8
6632,72
6633,70
6634,100
6635,4.5
6636,30
6637,40
6638,24
6639,24800
6640,40
6641,62.5
6642,1400
6643,30
6644,552
6645,2
6646,9000
6647,6960
6648,13290
6649,3
6650,324
6651,32
6652,20
6653,615
6654,91
6655,3
6656,24
6657,10
6658,185
6659,540
6660,75
6661,266
6662,4
6663,5
6664,245
6665,8
6666,109
6667,936
6668,90
6669,27
6670,1050
6671,1872
6672,180
6673,495
6674,138
6675,203
6676,28
6677,307
6678,3600
6679,840
6680,48
6681,1350
6682,532
6683,22
6684,1206
6685,192
6686,525
6687,4231
6688,287
6689,786
6690,3
6691,52
6692,1.9
6693,560
6694,240
6695,56
6696,5
6697,780
6698,1152
6699,10.3
6700,47
6701,600
6702,2.3
6703,13
6704,4840
6705,3.75
6706,45
6707,25
6708,19.68
6709,39.2
6710,18000
6711,10
6712,97
6713,8
6714,9
6715,7
6716,9
6717,17
6718,23
6719,23
6720,85
6721,3216
6722,300
6723,37.5
6724,248
6725,1020
6726,80
6727,5
6728,18
6729,0.3
6730,11
6731,29
6732,8
6733,12
6734,19
6735,44
6736,52
6737,85
6738,38
6739,106
6740,10
6741,35
6742,10
6743,2
6744,12
6745,15
6746,2
6747,3
6748,30
6749,22
6750,21
6751,4
6752,39
6753,35
6754,36
6755,80
6756,37
6757,8
6758,34
6759,17
6760,35
6761,45
6762,6
6763,20
6764,4
6765,38
6766,4
6767,70
6768,4
6769,4
6770,6
6771,6
6772,12
6773,60
6774,10
6775,7
6776,9
6777,27
6778,0.8
6779,17
6780,9
6781,17
6782,45
6783,43
6784,27
6785,45
6786,46%
6787,47
6788,8
6789,59
6790,87
6791,6
6792,6
6793,79
6794,54
6795,10
6796,30
6797,42
6798,35
6799,51
6800,59
6801,42
6802,270
6803,22
6804,9
6805,106
6806,30
6807,100
6808,10
6809,27
6810,37
6811,46
6812,40
6813,40
6814,33
6815,47
6816,7
6817,25
6818,57
6819,81
6820,37
6821,11
6822,31
6823,23
6824,4
6825,33
6826,30
6827,38
6828,12
6829,28
6830,33
6831,120
6832,57
6833,9
6834,36
6835,34
6836,46
6837,24
6838,34
6839,12
6840,5
6841,35
6842,7
6843,6
6844,13
6845,6
6846,8
6847,18
6848,4
6849,18
6850,14
6851,17
6852,10
6853,8
6854,24
6855,17
6856,9
6857,8
6858,39.16
6859,178
6860,1220
6861,60
6862,80
6863,7425
6864,520
6865,8
6866,20
6867,95%
6868,9428
6869,400
6870,192
6871,296
6872,1940
6873,1500
6874,3600
6875,144
6876,12
6877,5
6878,260
6879,32
6880,125
6881,3000
6882,108
6883,15
6884,150
6885,200
6886,220
6887,800
6888,48
6889,9
6890,49
6891,54
6892,40
6893,196
6894,0.12
6895,239
6896,256
6897,560
6898,565.2
6899,225
6900,36
6901,2
6902,504
6903,82
6904,1
6905,96
6906,9
6907,45
6908,59
6909,625
6910,47
6911,300
6912,55
6913,95%
6914,94%
6915,2/5
6916,34.56
6917,300
6918,54.72
6919,216
6920,306
6921,300
6922,0.3
6923,27
6924,601
6925,32
6926,24
6927,9750
6928,25.12
6929,108
6930,16340
6931,9
6932,70
6933,40
6934,2.5
6935,9
6936,27
6937,40
6938,11
6939,4
6940,20%
6941,200
6942,70
6943,115%
6944,89
6945,24
6946,30
6947,3
6948,55
6949,75
6950,50
6951,314
6952,300
6953,54
6954,7
6955,75
6956,24
6957,1.2
6958,7
6959,75.36
6960,125
6961,120
6962,7500
6963,196
6964,5
6965,38
6966,30
6967,401.92
6968,16
6969,24
6970,20
6971,18
6972,7
6973,8
6974,32
6975,150
6976,13
6977,11
6978,96
6979,160
6980,29
6981,24%
6982,3600
6983,6000
6984,3
6985,30
6986,3592
6987,130
6988,200
6989,35
6990,14
6991,1600
6992,96
6993,21
6994,270
6995,2600
6996,700
6997,4.88
6998,300
6999,980
7000,8
7001,0.7
7002,3
7003,9
7004,256
7005,12
7006,125
7007,180
7008,14%
7009,9.6
7010,42
7011,28.26
7012,125
7013,400
7014,82
7015,3440
7016,150
7017,3
7018,4410
7019,1630
7020,50
7021,394.96
7022,75
7023,72
7024,5
7025,40
7026,180
7027,2.592
7028,20%
7029,5024
7030,90
7031,60
7032,7536
7033,75
7034,25%
7035,80
7036,4.8
7037,10.8%
7038,512
7039,647
7040,2_4/7
7041,780
7042,490
7043,438
7044,75
7045,8
7046,310
7047,96
7048,50
7049,2
7050,15.9
7051,147
7052,6
7053,4
7054,16
7055,240
7056,28.26
7057,17
7058,18
7059,28
7060,94%
7061,25
7062,44.7
7063,42.96
7064,31
7065,3.7
7066,2400
7067,2.2
7068,12
7069,40
7070,9
7071,4
7072,300
7073,5
7074,14%
7075,9
7076,110
7077,50
7078,2500
7079,1.5
7080,27.4
7081,100
7082,60
7083,1015
7084,18/5
7085,12
7086,199.4
7087,2.7
7088,12
7089,37
7090,96
7091,96
7092,12
7093,576
7094,24
7095,240
7096,4
7097,54
7098,78.5
7099,2
7100,40
7101,320
7102,390
7103,8
7104,3
7105,57.6
7106,384.5
7107,2500
7108,4
7109,75
7110,1/3
7111,20
7112,34.54
7113,10
7114,3957
7115,90
7116,720
7117,251.2
7118,185
7119,570
7120,5
7121,204
7122,270
7123,76
7124,32
7125,9
7126,540
7127,87.5
7128,128
7129,95
7130,3.14
7131,2.5
7132,32
7133,400
7134,100
7135,23
7136,270
7137,80
7138,100
7139,144
7140,2.72
7141,0.64
7142,400
7143,10%
7144,3
7145,4
7146,94%
7147,30%
7148,9
7149,20
7150,6
7151,7
7152,480
7153,5
7154,80
7155,2400
7156,220
7157,42
7158,125.9
7159,4.8
7160,18
7161,450
7162,5
7163,9
7164,128
7165,0.2
7166,560
7167,240
7168,112.5
7169,24
7170,1
7171,8.5
7172,160
7173,40%
7174,20%
7175,73.6
7176,9
7177,1000
7178,25
7179,216
7180,314
7181,522.5
7182,1400
7183,555
7184,2.5
7185,77
7186,5
7187,768
7188,4
7189,39
7190,129
7191,48
7192,225
7193,92328
7194,5760
7195,5.7
7196,1800
7197,144
7198,37
7199,90
7200,9
7201,12
7202,6360
7203,108
7204,2
7205,304
7206,280
7207,8
7208,8400
7209,360
7210,302
7211,0.7
7212,48
7213,9
7214,4
7215,31.4
7216,384
7217,40.82
7218,20.56
7219,709
7220,39
7221,2096
7222,15
7223,20%
7224,125
7225,9
7226,10.8
7227,15
7228,32
7229,50
7230,16%
7231,270
7232,30
7233,80
7234,5
7235,105
7236,30.9
7237,100
7238,25
7239,10
7240,8
7241,304
7242,28
7243,3400
7244,7
7245,610
7246,73
7247,9.6
7248,168
7249,2000
7250,3000
7251,5
7252,72
7253,216
7254,300
7255,73.4
7256,15
7257,240
7258,1200
7259,191
7260,20
7261,48
7262,36
7263,88
7264,960
7265,250
7266,72
7267,480
7268,3
7269,10
7270,12.56
7271,75.36
7272,12
7273,200
7274,2
7275,27
7276,45
7277,250
7278,750
7279,40
7280,40
7281,120
7282,240
7283,9.1%
7284,30
7285,15
7286,24
7287,7
7288,5
7289,105
7290,9
7291,500
7292,8
7293,180
7294,8000
7295,492
7296,240
7297,150
7298,272
7299,64.4
7300,40
7301,9/10
7302,45
7303,90
7304,17500
7305,30
7306,360
7307,480
7308,2300
7309,3
7310,7
7311,2.5
7312,64
7313,240
7314,90.75
7315,24
7316,25
7317,25.12
7318,5088
7319,452.08
7320,21
7321,20
7322,23
7323,500
7324,73.3
7325,3
7326,2000
7327,0.2
7328,480
7329,15
7330,12.5
7331,240
7332,0.785
7333,750
7334,3600
7335,181
7336,2928
7337,35.36
7338,9
7339,128
7340,45.475
7341,59
7342,12
7343,3_2/9
7344,216
7345,500
7346,498
7347,489
7348,31.4
7349,200
7350,36
7351,22
7352,45
7353,90
7354,750
7355,480
7356,39.25
7357,470
7358,3
7359,49
7360,14
7361,940
7362,750
7363,6
7364,300
7365,53
7366,4375
7367,4000
7368,4000
7369,72
7370,12
7371,3
7372,480
7373,42
7374,20
7375,40/9
7376,1/4
7377,53.904
7378,48
7379,7089.6
7380,1600
7381,500
7382,400
7383,30
7384,5
7385,394
7386,512
7387,7500
7388,2
7389,147.5
7390,6
7391,7.5
7392,40
7393,314
7394,240
7395,440
7396,924
7397,80
7398,24
7399,56
7400,64
7401,5
7402,7
7403,48
7404,5
7405,390
7406,5
7407,5
7408,37.8
7409,375
7410,98
7411,5
7412,150
7413,150
7414,60
7415,4
7416,1
7417,150
7418,190
7419,2
7420,13
7421,6.8
7422,9
7423,96
7424,187
7425,400
7426,27
7427,18
7428,8
7429,3600
7430,95%
7431,480
7432,70
7433,5
7434,13
7435,90
7436,270
7437,18.9
7438,27
7439,6
7440,720
7441,4
7442,450
7443,0.012
7444,15
7445,0.5
7446,18
7447,180
7448,6480
7449,7500
7450,19.625
7451,120
7452,8
7453,175
7454,5
7455,40
7456,60%
7457,30
7458,3.84
7459,4
7460,500
7461,360
7462,64
7463,3000
7464,9.5
7465,270
7466,600
7467,4
7468,125
7469,20
7470,314
7471,3
7472,40
7473,0.2
7474,153
7475,6
7476,520
7477,4
7478,55
7479,4.8
7480,31
7481,43
7482,80
7483,480
7484,4000
7485,180
7486,438
7487,27
7488,6
7489,3520
7490,15
7491,1337
7492,53
7493,80
7494,90
7495,24
7496,9
7497,475
7498,3.3
7499,60
7500,80.97
7501,2
7502,4
7503,3
7504,2700
7505,258
7506,28
7507,1584
7508,25
7509,20
7510,3
7511,900
7512,2825
7513,35
7514,138
7515,425
7516,69
7517,840
7518,5
7519,2.2
7520,165
7521,420
7522,282.6
7523,16
7524,744
7525,288
7526,4590
7527,675000
7528,5
7529,5
7530,48
7531,30
7532,15
7533,480
7534,2240
7535,479.2
7536,170
7537,40
7538,50
7539,7
7540,70
7541,13
7542,1224
7543,30
7544,75
7545,25.12
7546,32
7547,40.82
7548,1125
7549,47.1
7550,75
7551,314
7552,20
7553,72
7554,72
7555,840
7556,14
7557,180
7558,72
7559,9
7560,200
7561,9
7562,200
7563,247.5
7564,40
7565,480
7566,95
7567,8
7568,930
7569,930
7570,14
7571,7
7572,25.72
7573,16
7574,9600
7575,0.5
7576,4
7577,125.6
7578,40.85
7579,2/3
7580,200
7581,84
7582,31
7583,270
7584,150
7585,900
7586,3.75
7587,40
7588,40
7589,182
7590,240
7591,20
7592,20
7593,5
7594,250
7595,3078
7596,72
7597,106
7598,48.6
7599,45
7600,15
7601,4
7602,53.84
7603,24
7604,18
7605,160
7606,5.12
7607,125
7608,40
7609,49
7610,30
7611,7
7612,42
7613,80
7614,2.56
7615,2.16
7616,2
7617,8
7618,18
7619,48
7620,24
7621,12
7622,45
7623,12
7624,0.9
7625,288
7626,32
7627,57.5
7628,36.55
7629,0.7
7630,4.46
7631,3.8
7632,27
7633,400
7634,90
7635,85%
7636,800
7637,14.5
7638,130
7639,84
7640,2.7
7641,3/5
7642,7/8
7643,10
7644,20
7645,19
7646,72/100
7647,18
7648,1/2
7649,1/7
7650,2240
7651,2700
7652,0.3
7653,1.3
7654,36
7655,2400
7656,9/20
7657,64
7658,20
7659,9.6
7660,1440
7661,31.8
7662,7
7663,3/8
7664,2
7665,2/5
7666,1/6
7667,5500
7668,9
7669,59
7670,23
7671,32
7672,18
7673,8
7674,7
7675,505
7676,2.5
7677,2076
7678,2
7679,16
7680,16
7681,3968
7682,6000
7683,7
7684,90
7685,70
7686,800
7687,2470
7688,9/35
7689,35
7690,1800
7691,8
7692,828
7693,20
7694,3
7695,534
7696,9_3/5
7697,3
7698,4
7699,26
7700,5
7701,52.6
7702,7
7703,9.5
7704,13.35
7705,9.4
7706,3015
7707,53
7708,28
7709,189
7710,72
7711,1/4
7712,15
7713,1/24
7714,3
7715,42
7716,56
7717,60
7718,5/24
7719,48
7720,12
7721,5.44
7722,87.5
7723,30
7724,1350
7725,7
7726,8/10
7727,2.4
7728,228
7729,7
7730,140
7731,882
7732,7.5
7733,0.3
7734,200
7735,337.5
7736,10
7737,6
7738,100
7739,90
7740,84
7741,135
7742,36
7743,850
7744,800
7745,180
7746,42
7747,30
7748,294
7749,47
7750,3
7751,24
7752,1.8
7753,572
7754,0.1
7755,3.75
7756,35
7757,720
7758,120
7759,2/5
7760,4
7761,6.2
7762,400
7763,8
7764,5
7765,6
7766,12
7767,33200
7768,23
7769,139
7770,180
7771,2865
7772,9/20
7773,400
7774,48
7775,439
7776,1394
7777,50
7778,12
7779,60
7780,81/15
7781,450
7782,31
7783,4
7784,240
7785,10
7786,19
7787,360
7788,180
7789,150
7790,704.5
7791,27
7792,150
7793,3/7
7794,11
7795,15
7796,16
7797,9/10
7798,1260
7799,480
7800,275
7801,70
7802,4000
7803,3/8
7804,30
7805,36
7806,5
7807,149
7808,508
7809,18
7810,3
7811,72
7812,0.5
7813,30
7814,8
7815,30
7816,1/2
7817,14
7818,240
7819,2510
7820,50
7821,9/10
7822,5416
7823,954
7824,0.1
7825,39
7826,50/9
7827,7/15
7828,800
7829,24
7830,72
7831,630
7832,24
7833,23
7834,9.3
7835,20
7836,7/20
7837,7
7838,600
7839,30
7840,96
7841,1/7
7842,2
7843,27
7844,75
7845,3
7846,7
7847,185
7848,43
7849,450
7850,够
7851,3/4
7852,570
7853,7
7854,16
7855,5/8
7856,4
7857,2.35
7858,48
7859,360
7860,31
7861,25/12
7862,288
7863,3
7864,10.6
7865,7
7866,70
7867,18
7868,4
7869,3
7870,300
7871,3/4
7872,15
7873,12.6
7874,28
7875,3/4
7876,4
7877,7
7878,300
7879,13
7880,1/8
7881,150
7882,62.5
7883,7/10
7884,1/5
7885,3/5
7886,96
7887,1/2
7888,24
7889,3
7890,8
7891,2.5
7892,3_2/9
7893,900
7894,256
7895,102
7896,817
7897,25
7898,300
7899,8
7900,12
7901,9
7902,5
7903,20
7904,5.42
7905,18
7906,624
7907,187.5
7908,24/7
7909,1/2
7910,8
7911,2.5
7912,2
7913,79.2
7914,2970
7915,1/16
7916,10
7917,96
7918,1/5
7919,864
7920,9/20
7921,2
7922,3/4
7923,3
7924,7
7925,2988
7926,150
7927,900
7928,2
7929,960
7930,25
7931,140
7932,4/5
7933,20
7934,82
7935,5/8
7936,2/5
7937,1/5
7938,1000
7939,8
7940,7
7941,9
7942,7/12
7943,3
7944,400
7945,40
7946,3
7947,16
7948,40
7949,70
7950,24
7951,24
7952,18
7953,18
7954,128
7955,86
7956,60
7957,2440
7958,2.5
7959,130
7960,13/12
7961,25
7962,350
7963,200
7964,7200
7965,6
7966,10
7967,24
7968,504
7969,47
7970,90
7971,4.8
7972,592
7973,1
7974,4
7975,280
7976,125
7977,5
7978,7
7979,1
7980,32
7981,448
7982,25
7983,400
7984,30
7985,70
7986,8
7987,187.5
7988,420
7989,14400
7990,504
7991,72
7992,7
7993,1200
7994,193
7995,4
7996,180
7997,910
7998,4/7
7999,49
