0,2058.8
1,20
2,20
3,40
4,48
5,150
6,600
7,2514
8,8.8
9,39
10,41
11,31.5
12,130
13,56
14,84
15,172
16,18
17,25.7
18,525
19,12
20,27
21,8
22,90
23,50
24,150
25,20
26,29
27,32
28,2.4
29,1950
30,20.4
31,30
32,24
33,780
34,240
35,2
36,384
37,8
38,590
39,34
40,200
41,24
42,10
43,750
44,32
45,17
46,49
47,288
48,282
49,200
50,302
51,9
52,2650
53,280
54,824
55,240
56,400
57,4300
58,1008
59,2
60,15
61,792
62,1300
63,252
64,7624
65,528
66,12048.8
67,2400
68,840
69,255
70,3.2
71,51.32
72,6200
73,27/32
74,625
75,36
76,250
77,49/200
78,145
79,206
80,2.5
81,28
82,9
83,196
84,208
85,30.0%
86,13
87,27
88,201
89,506
90,1.926
91,90
92,32
93,2800
94,2240
95,300.48
96,12
97,160
98,9
99,264
100,2240
101,3200
102,279.6
103,3
104,18
105,30.5
106,5/9
107,0.445
108,13.9
109,24
110,1.4
111,2400
112,4240
113,15
114,20
115,340
116,3290
117,573
118,96
119,242
120,2.54
121,12
122,29.4
123,57
124,300
125,90%
126,245
127,3
128,101
129,470
130,17/45
131,6099
132,10
133,8
134,11200
135,27
136,995
137,8000
138,4
139,94
140,290
141,408
142,72
143,57
144,10.0175
145,356
146,3
147,24000
148,7200
149,9
150,7/3
151,484
152,3
153,465
154,800
155,3/4
156,27.5
157,400
158,48
159,245
160,30
161,3
162,5
163,28.28
164,28
165,1890
166,48
167,750
168,3
169,432
170,3.5
171,3.6
172,1080
173,24
174,3/14
175,15
176,252
177,8
178,32
179,80
180,8
181,30.779523
182,2.5
183,27
184,2.25
185,460.5
186,5000
187,24.5
188,84
189,3
190,270
191,204.96
192,9927
193,940
194,2100
195,23.4
196,272
197,27
198,450
199,20.4
200,350
201,282
202,36
203,3/7
204,30
205,40
206,8/9
207,7
208,23
209,4302
210,27
211,89.75
212,2790
213,729
214,20
215,7000
216,80
217,71
218,14040.32
219,200
220,12
221,333
222,80
223,12
224,120
225,1872
226,222
227,12
228,0.857143
229,28.8
230,37
231,597
232,4525
233,207
234,784
235,292
236,1371
237,2790
238,3/18
239,130
240,1257
241,200000
242,1.125
243,4950
244,384
245,3/5
246,80
247,0.833333
248,270
249,10
250,20.4
251,1
252,2795.5
253,1260
254,240
255,400
256,1536
257,8
258,1540
259,6
260,2080
261,450
262,40
263,24
264,20
265,28
266,25
267,792
268,22
269,9
270,25000
271,10284.08
272,75
273,24
274,1120
275,795
276,279
277,24
278,96
279,750
280,376.8
281,12
282,4.5
283,734.4
284,20
285,18
286,240
287,579
288,48
289,4575
290,798
291,5
292,20
293,462
294,13
295,20
296,2400
297,3
298,13
299,89
300,255
301,8.5
302,23.5
303,8
304,252
305,238.5
306,24
307,12
308,24
309,20
310,80.96
311,2700
312,32
313,4/7
314,12
315,27
316,30
317,360
318,90
319,13/15
320,2.3
321,360
322,1/4
323,3
324,3/7
325,4
326,3800
327,237.5
328,7940
329,3.5
330,8723.5
331,334000
332,16000
333,300
334,13/21
335,294
336,40
337,945
338,5.75
339,1000
340,24
341,30
342,20
343,9
344,90
345,30
346,48
347,4
348,4250
349,2
350,48
351,600
352,390
353,1207
354,76
355,308
356,163.5
357,28
358,2.5
359,48
360,3768
361,2
362,2500
363,27
364,4
365,540
366,12/25
367,24
368,3/8
369,39
370,150
371,320
372,9
373,7
374,36
375,975
376,289
377,240
378,2589
379,20
380,20
381,39
382,3/5
383,6240
384,6750
385,9
386,48
387,39.412158
388,200
389,20
390,20
391,1260
392,320
393,750
394,25200
395,270
396,2700
397,15
398,17352
399,20
400,99
401,136
402,1068
403,2
404,1300
405,9
406,18
407,4/15
408,8
409,39.41
410,20
411,7
412,23/40
413,800
414,9
415,292
416,39
417,72
418,4.95
419,24
420,30/39
421,500
422,330
423,47
424,2.88
425,3.72
426,25
427,2560
428,109
429,800
430,285
431,220
432,432
433,304
434,6240
435,25
436,508
437,34
438,21
439,8400
440,0.375
441,79
442,410
443,280
444,68
445,900
446,3/10
447,0.9
448,20
449,1920
450,1308
451,29
452,2.4
453,10
454,30
455,133
456,1800
457,2400
458,76
459,405
460,36
461,2880
462,23
463,744
464,9
465,273
466,270
467,304
468,21
469,30
470,8
471,3.5
472,344
473,80
474,15
475,9
476,799
477,3.54
478,1344
479,297
480,240
481,533
482,39/40
483,3.75
484,850
485,140
486,540
487,216
488,19
489,1056
490,13
491,96
492,132
493,34.82
494,720
495,48.64
496,3000
497,3600
498,35
499,1304
500,272
501,700.5
502,450
503,125
504,1525
505,458
506,450
507,241
508,2500
509,24
510,4800
511,15
512,9/20
513,3
514,942
515,8
516,1754
517,0.45
518,2/3
519,340
520,5
521,11
522,305
523,180
524,5/8
525,200
526,320
527,85.71
528,24
529,300
530,80
531,2
532,45
533,39.75
534,3
535,4500000
536,1.44
537,2
538,7
539,28
540,160
541,2400
542,216
543,150
544,20
545,240
546,2.4
547,38
548,3.5
549,27.6
550,3790
551,37.68
552,204
553,3.75
554,3800
555,200
556,21
557,3
558,20.88
559,39.407859
560,14.5
561,6
562,10.5
563,32
564,19
565,70
566,2800
567,350
568,392
569,3400
570,3.8
571,18.2
572,17000
573,30
574,2500
575,48.9
576,5
577,16
578,90
579,108
580,800
581,34
582,370.9
583,360
584,18
585,9
586,20
587,14
588,30
589,2100
590,208
591,24
592,32
593,3
594,2
595,28.27
596,0.9
597,283
598,96
599,24000
600,2500
601,0.5
602,20.5
603,16
604,23.8
605,3/7
606,300
607,3
608,7
609,172
610,9000000
611,15
612,148
613,270
614,13
615,78960
616,47.9
617,16
618,28
619,310
620,99.4
621,400
622,320
623,114
624,130
625,30
626,240
627,4.5
628,209
629,36
630,9
631,39.42
632,2.4
633,200
634,4800
635,90
636,90
637,30%
638,92%
639,40
640,30.8
641,0
642,40
643,28
644,450
645,10
646,2.25
647,20
648,21900000
649,36
650,28
651,28
652,18
653,8
654,98.5
655,49
656,14
657,92%
658,15
659,90%
660,30
661,2400
662,375
663,80
664,72
665,94
666,10
667,24
668,2
669,459
670,48
671,700
672,24
673,13
674,3.090909
675,92%
676,20
677,20
678,95%
679,98%
680,3000
681,39.2
682,480
683,300
684,15
685,24
686,4800
687,45
688,360000
689,25
690,300
691,960
692,282
693,2.4
694,24
695,304.8
696,56
697,27
698,29/40
699,39
700,34
701,24
702,2
703,30
704,10.8
705,19
706,92.85%
707,5/8
708,24
709,25
710,2000
711,28
712,2
713,7.2
714,80%
715,1000
716,2400000
717,96
718,48
719,72
720,45000000
721,25.12
722,24.75
723,240
724,32
725,340
726,420
727,87
728,300
729,900
730,216
731,60
732,32
733,28
734,34
735,1350
736,20.8
737,30
738,25
739,160
740,1.2%
741,9
742,1/4
743,30.5
744,700
745,2500
746,30
747,20.5
748,12
749,203
750,3
751,34
752,40
753,12
754,40.5
755,300
756,20
757,96
758,9
759,40000
760,180.9
761,20
762,205.32
763,30.4
764,78
765,540
766,195.2
767,3.44
768,2000
769,80
770,290
771,28
772,203.5
773,30.5
774,2800
775,18
776,48.52
777,300
778,384
779,8
780,2
781,23520
782,39840
783,20
784,156
785,156
786,37.68
787,7
788,20
789,204
790,95%
791,216
792,300
793,20
794,84.02
795,2800
796,2
797,30
798,8
799,800
800,340.5
801,110
802,30
803,78
804,42
805,34.4
806,300
807,200
808,3
809,30
810,5.28
811,28.5
812,320
813,37.68
814,9
815,880
816,1100
817,24
818,8
819,80
820,49
821,800
822,178
823,35
824,39.44
825,13000000
826,1462
827,5
828,3000000
829,20
830,3900000
831,240
832,270
833,2.5
834,38
835,240
836,30
837,259.2
838,32
839,18
840,4
841,4
842,12
843,3480
844,546
845,84
846,32
847,42
848,3200
849,15
850,720
851,270
852,29
853,30
854,720
855,2.8
856,40
857,1320
858,27
859,24
860,30
861,400
862,24
863,2/7
864,2.4
865,10
866,30.72
867,27
868,24
869,25
870,18.64
871,398.8
872,18
873,62
874,28
875,37
876,2375
877,85%
878,2.8992
879,3.14%
880,20
881,300
882,30
883,3
884,29
885,40
886,840
887,376.8
888,20
889,39
890,2.4
891,270
892,23.8
893,42.8
894,48
895,20
896,24.75
897,20
898,32
899,24000
900,900
901,20760
902,4.2
903,225
904,25
905,8000
906,300
907,27000000
908,27
909,50.24
910,9
911,19.03
912,300
913,29
914,24.3
915,385
916,231440
917,47.1
918,37.68
919,2.9
920,96
921,0.75
922,8
923,95%
924,240
925,54
926,90.5%
927,241
928,24
929,18.4
930,3000
931,3000
932,72
933,2.25
934,14.2
935,350
936,90
937,45
938,5.8
939,34
940,28
941,32
942,204
943,48
944,180
945,20
946,376
947,7
948,270
949,30
950,2
951,18
952,30
953,285
954,40
955,20
956,16
957,30000
958,2000
959,7.5
960,27
961,9
962,640
963,32878
964,8
965,4
966,30
967,45
968,48
969,1/4
970,459.72
971,9
972,8934
973,282.795
974,41
975,12
976,70
977,20
978,38.5
979,1480
980,102.3
981,4800
982,0.3
983,458
984,8.5
985,30
986,480.9
987,27
988,8
989,221
990,4
991,2520
992,2299
993,940
994,0.5
995,7200
996,2/7
997,90
998,27
999,2/5
1000,28.2
1001,2000
1002,248
1003,27
1004,10
1005,80%
1006,10
1007,15
1008,1047480
1009,20
1010,4.5
1011,56
1012,32.5
1013,80%
1014,20
1015,8
1016,2
1017,20
1018,46
1019,9/15
1020,84
1021,20%
1022,33.3%
1023,200.89
1024,75
1025,4080
1026,1950
1027,20
1028,304
1029,180
1030,20
1031,3.48
1032,20
1033,9
1034,200
1035,300
1036,1.8
1037,40
1038,450
1039,28.5
1040,3.5
1041,4800
1042,54
1043,24.0
1044,3.28
1045,27
1046,3/4
1047,0.25
1048,42879
1049,300
1050,27
1051,25
1052,240
1053,20
1054,72000
1055,100
1056,3
1057,37.68
1058,3/8
1059,2.592
1060,34.792
1061,3.4
1062,3.89
1063,3.5
1064,24
1065,42
1066,23
1067,24
1068,20
1069,39
1070,37
1071,20.25
1072,58
1073,488
1074,2/10
1075,15970
1076,30
1077,224
1078,2
1079,36
1080,2400
1081,27
1082,30
1083,3
1084,13
1085,9.4
1086,3/20
1087,300
1088,0.444444
1089,0.144
1090,480
1091,45
1092,4750
1093,80
1094,2400.8
1095,18
1096,1440
1097,13/24
1098,270
1099,24
1100,7/20
1101,28
1102,4092
1103,20
1104,390
1105,13/20
1106,43.3
1107,32
1108,0.92
1109,20
1110,9
1111,0.75
1112,38.80
1113,50%
1114,240
1115,280
1116,20
1117,35
1118,4
1119,13
1120,12
1121,30
1122,18
1123,28
1124,31
1125,3400
1126,33.6
1127,3.2
1128,3000000
1129,2.5
1130,0.52
1131,40
1132,30
1133,1850
1134,136
1135,45
1136,30.88
1137,200
1138,720
1139,200
1140,4500
1141,27
1142,20
1143,150
1144,20
1145,36
1146,400
1147,800
1148,50
1149,27.8
1150,290
1151,90
1152,2/5
1153,770
1154,12
1155,840
1156,8
1157,20.99
1158,954
1159,3
1160,39
1161,4
1162,24
1163,45
1164,1490
1165,9
1166,10
1167,30
1168,28.2
1169,3
1170,5.7
1171,135
1172,72
1173,35.8
1174,90000
1175,85%
1176,27
1177,27
1178,28000
1179,44
1180,30
1181,360000
1182,18
1183,45
1184,304
1185,300
1186,3.5
1187,10
1188,1801
1189,1800
1190,300000
1191,300
1192,270000
1193,37500
1194,27
1195,20%
1196,10
1197,40
1198,396
1199,378.52
1200,480
1201,30
1202,135000
1203,20%
1204,5
1205,20.5
1206,24
1207,240
1208,8
1209,7
1210,2400
1211,25
1212,2340
1213,80%
1214,240
1215,2400
1216,27
1217,20
1218,20
1219,900
1220,95%
1221,24
1222,2
1223,45.74
1224,30
1225,30.9
1226,471.2
1227,2800
1228,24
1229,240
1230,32
1231,32
1232,54
1233,256
1234,270
1235,375
1236,280
1237,70
1238,24
1239,9
1240,0%
1241,15
1242,72000
1243,48
1244,497
1245,3880
1246,280
1247,69
1248,68
1249,780
1250,45
1251,75
1252,32
1253,14
1254,36
1255,8
1256,34
1257,48
1258,26
1259,12
1260,83
1261,22
1262,34
1263,40
1264,24
1265,36
1266,8
1267,3
1268,25
1269,28
1270,35
1271,53
1272,30
1273,29
1274,39
1275,12
1276,82
1277,9
1278,152
1279,26
1280,81
1281,51
1282,104
1283,24
1284,28
1285,36
1286,42
1287,28
1288,27
1289,48
1290,23
1291,20
1292,20
1293,10
1294,30
1295,10
1296,90
1297,300
1298,8
1299,6
1300,7
1301,20
1302,6
1303,7
1304,8
1305,9
1306,4
1307,2
1308,20
1309,34
1310,25
1311,4
1312,14
1313,50
1314,20
1315,34
1316,73
1317,8
1318,3
1319,3
1320,8
1321,8
1322,90
1323,31
1324,24
1325,32
1326,23
1327,2
1328,4
1329,20
1330,22
1331,3
1332,104
1333,39
1334,8
1335,75
1336,81
1337,31
1338,30
1339,7
1340,47
1341,24
1342,20
1343,8
1344,38
1345,132
1346,50
1347,24
1348,24
1349,14
1350,7
1351,20
1352,25
1353,24
1354,8
1355,24
1356,80
1357,331.2
1358,128
1359,25
1360,308
1361,3940
1362,24000
1363,11/20
1364,240000
1365,11/5
1366,15
1367,10
1368,30.72
1369,30
1370,24
1371,54
1372,205
1373,45
1374,39.25
1375,3/14
1376,4800
1377,2390
1378,2400
1379,72
1380,27
1381,80
1382,300
1383,34
1384,360
1385,24.75
1386,20
1387,18
1388,30
1389,2.4
1390,34
1391,24
1392,336000
1393,18
1394,8
1395,18
1396,25600
1397,108
1398,37
1399,744
1400,20
1401,360
1402,480
1403,240
1404,48
1405,9
1406,20.05
1407,20
1408,2155
1409,75
1410,408
1411,40
1412,3480
1413,240
1414,2560
1415,3200
1416,43
1417,9
1418,200
1419,30
1420,2
1421,28.1
1422,30.55
1423,5.1
1424,0.04
1425,18
1426,9
1427,5
1428,80
1429,20
1430,70
1431,30
1432,24
1433,82
1434,14.8
1435,24.8
1436,270
1437,79.44
1438,29.7
1439,2400
1440,20
1441,20
1442,340
1443,25.2
1444,27
1445,18
1446,13500
1447,252
1448,2.7
1449,4
1450,20
1451,72
1452,72
1453,435
1454,54
1455,200
1456,200
1457,204
1458,10
1459,18
1460,3612
1461,560
1462,1408
1463,38
1464,30
1465,210
1466,45
1467,74
1468,30
1469,2.05
1470,23
1471,32
1472,20
1473,384
1474,24
1475,18
1476,80
1477,2400
1478,3.78
1479,36
1480,0.56
1481,90480
1482,30
1483,24
1484,12/25
1485,20
1486,12
1487,20
1488,8
1489,112
1490,2
1491,24
1492,30
1493,4750
1494,40
1495,800
1496,5
1497,22
1498,20.92
1499,2790
1500,740.8
1501,24
1502,240
1503,9
1504,895
1505,24
1506,78
1507,30
1508,3.08
1509,3900
1510,945
1511,24.75
1512,2880
1513,300
1514,0.8
1515,4
1516,24
1517,2.2
1518,270
1519,48
1520,75
1521,28
1522,390
1523,32000
1524,49
1525,9
1526,120
1527,30
1528,320
1529,3980
1530,304.8
1531,14
1532,30
1533,40.5
1534,1720
1535,2
1536,2.5
1537,20
1538,1/20
1539,50
1540,128
1541,809.76
1542,20
1543,240
1544,18
1545,180
1546,30
1547,20
1548,24
1549,14
1550,2.4
1551,32
1552,2450
1553,36000
1554,27
1555,3768
1556,3.768
1557,2.53
1558,32
1559,30000
1560,3200
1561,13
1562,20
1563,32
1564,30000
1565,24
1566,360
1567,20.5
1568,3900
1569,90
1570,3900
1571,4.8
1572,30
1573,18
1574,35
1575,240
1576,28000
1577,20.7
1578,350
1579,129
1580,125
1581,320000
1582,375
1583,300
1584,250
1585,240
1586,300
1587,80
1588,20
1589,120
1590,53
1591,270
1592,98.4
1593,150
1594,40
1595,348
1596,5.2
1597,3.85%
1598,80
1599,102
1600,36
1601,208
1602,27
1603,400
1604,12
1605,70
1606,2808
1607,92
1608,20
1609,25.12
1610,2048
1611,2512
1612,230
1613,40.9
1614,36
1615,48
1616,557
1617,24
1618,300
1619,396
1620,52
1621,75
1622,57.72
1623,120
1624,24
1625,394.2
1626,20
1627,25
1628,0.5
1629,15
1630,2400
1631,2.4
1632,85
1633,2.333333
1634,7200
1635,240000
1636,25
1637,27
1638,20
1639,4
1640,204
1641,20.08
1642,304.8
1643,840
1644,92.4
1645,20
1646,12
1647,2
1648,25
1649,15.5
1650,1770
1651,70
1652,70
1653,15
1654,85%
1655,341.88
1656,300
1657,2700
1658,71
1659,84.2
1660,200
1661,4
1662,2.5
1663,40
1664,2.56
1665,20
1666,24
1667,990
1668,375
1669,9.33
1670,3/14
1671,54000
1672,2400
1673,40
1674,40
1675,240
1676,200
1677,20
1678,36
1679,24305
1680,27.5
1681,2400
1682,20
1683,200
1684,3.5
1685,20
1686,140
1687,27000
1688,341.25
1689,30
1690,720
1691,32
1692,72
1693,40
1694,25.12
1695,288
1696,10
1697,9
1698,24.3
1699,12
1700,34
1701,20
1702,17.14
1703,3.6
1704,30
1705,0.25
1706,2
1707,18
1708,80
1709,18
1710,480
1711,3200
1712,3300
1713,200
1714,280
1715,30
1716,10
1717,450
1718,24
1719,3200
1720,25
1721,35.48
1722,27
1723,272
1724,39
1725,24
1726,27
1727,37.68
1728,14
1729,3600
1730,2
1731,35
1732,38
1733,35.5
1734,28
1735,75
1736,52
1737,250
1738,200
1739,3720
1740,20
1741,60
1742,54
1743,1380
1744,40
1745,32
1746,360
1747,24
1748,20.48
1749,3600
1750,200
1751,300
1752,12
1753,1.84
1754,89
1755,45
1756,4
1757,1200
1758,200.96
1759,74
1760,14
1761,36
1762,80.14
1763,238
1764,15
1765,270
1766,49
1767,30
1768,36
1769,8
1770,2
1771,2400
1772,2400
1773,2682
1774,24
1775,240
1776,480
1777,250
1778,22560
1779,572
1780,50
1781,20
1782,1215
1783,1800
1784,76
1785,8
1786,10
1787,24
1788,1784
1789,16
1790,900
1791,250
1792,208
1793,10460
1794,5
1795,20
1796,4
1797,230
1798,36
1799,300
1800,320
1801,23/70%
1802,3360
1803,300
1804,300
1805,28.25
1806,7200
1807,80
1808,20
1809,15
1810,4620
1811,32
1812,376.8
1813,300
1814,7
1815,48
1816,9
1817,3
1818,248
1819,36
1820,7680
1821,36
1822,25
1823,8
1824,350
1825,248
1826,100
1827,8
1828,24
1829,260
1830,40
1831,3
1832,320
1833,5104
1834,120
1835,376.8
1836,4580
1837,2
1838,320
1839,12
1840,300
1841,25
1842,24
1843,3
1844,340
1845,30.779523
1846,24.75
1847,624
1848,14
1849,3000
1850,8180
1851,498.5
1852,45
1853,1355
1854,3
1855,8
1856,320
1857,2700000
1858,270
1859,58
1860,32
1861,25.9
1862,96
1863,9
1864,15
1865,8
1866,3950
1867,10
1868,27
1869,736
1870,6300
1871,700
1872,5400
1873,4400
1874,3
1875,14
1876,36
1877,0
1878,348
1879,24
1880,27
1881,4.77
1882,8
1883,3904
1884,1088
1885,21
1886,20
1887,9
1888,2700
1889,8
1890,10
1891,52%
1892,54
1893,20.94
1894,75
1895,960
1896,5
1897,3
1898,3
1899,28.8
1900,18
1901,27
1902,360
1903,4.2
1904,9
1905,52
1906,4320
1907,390
1908,27
1909,24
1910,2400
1911,248
1912,12
1913,12
1914,0.15
1915,54
1916,24
1917,11
1918,18
1919,96
1920,45
1921,480
1922,9
1923,4908
1924,13
1925,78
1926,270
1927,24.8
1928,20
1929,39.48
1930,20
1931,35.4
1932,40
1933,240
1934,7850
1935,18
1936,79.2
1937,37.68
1938,9
1939,20
1940,24
1941,3.2
1942,80
1943,400
1944,20.7
1945,32
1946,2039.5
1947,24.5
1948,24
1949,70
1950,24
1951,7
1952,3.2
1953,5.4
1954,39
1955,4900
1956,20.5
1957,229
1958,28.27
1959,30
1960,12
1961,0.04
1962,3920
1963,8
1964,35048
1965,270
1966,240
1967,208
1968,20.7
1969,18
1970,269
1971,20.5
1972,27
1973,0.89
1974,3
1975,5
1976,8
1977,90
1978,90
1979,9
1980,3000
1981,20
1982,30.9
1983,20.7
1984,15
1985,72
1986,200
1987,2/3
1988,27
1989,3440
1990,805
1991,18
1992,15000
1993,23.75
1994,22
1995,4605
1996,31
1997,12
1998,3.72
1999,12800000
2000,21
2001,392
2002,14
2003,81
2004,16
2005,39
2006,205
2007,885
2008,896
2009,621
2010,34
2011,276
2012,4500
2013,240
2014,4
2015,30
2016,18
2017,3.4
2018,240
2019,400
2020,50
2021,36
2022,400
2023,480
2024,45
2025,20.72
2026,270
2027,8
2028,3
2029,0%
2030,2
2031,5
2032,15
2033,20
2034,45360
2035,2300
2036,648
2037,360
2038,384
2039,2.4
2040,7
2041,205.44
2042,3140.8
2043,8
2044,0
2045,4
2046,300
2047,24
2048,11
2049,20
2050,28
2051,2405
2052,240
2053,491.2
2054,80
2055,251.2
2056,39
2057,350
2058,4.8
2059,24500
2060,30
2061,40
2062,487.5
2063,27.8
2064,36
2065,75
2066,2400
2067,40000
2068,28.27
2069,315
2070,22.5
2071,270
2072,3
2073,2.4
2074,54
2075,30.4
2076,2800
2077,8
2078,250
2079,2000
2080,3.37
2081,20
2082,35
2083,30
2084,3.5
2085,80
2086,304
2087,12
2088,27
2089,240
2090,128
2091,18
2092,22500
2093,4500
2094,960
2095,5600
2096,20
2097,36
2098,3
2099,3
2100,420
2101,27000
2102,3.75
2103,30
2104,96
2105,30
2106,125
2107,26
2108,2700
2109,452
2110,20
2111,10
2112,80
2113,15.56
2114,20
2115,522
2116,45
2117,240
2118,314
2119,720
2120,18
2121,384
2122,251.2
2123,12.56
2124,0.45
2125,3
2126,930
2127,98.4
2128,208
2129,288
2130,10.5
2131,1000
2132,25
2133,2190
2134,5
2135,280.5
2136,20
2137,8
2138,19
2139,12
2140,8
2141,14
2142,10
2143,10
2144,1
2145,14
2146,13440
2147,20
2148,5
2149,20
2150,376.8
2151,31
2152,4
2153,300
2154,407
2155,70
2156,24
2157,120
2158,27
2159,20.96
2160,28.5
2161,480
2162,624
2163,27.5
2164,20
2165,40.5
2166,520
2167,7200
2168,20
2169,6.48
2170,15
2171,2
2172,9.5%
2173,10438
2174,4
2175,80
2176,95
2177,8
2178,300
2179,40
2180,394.72
2181,27000
2182,729
2183,30
2184,2190
2185,280
2186,24.75
2187,442
2188,2304
2189,30000
2190,45
2191,27
2192,200
2193,284
2194,8
2195,3400
2196,24
2197,4.5
2198,30
2199,12
2200,800
2201,308
2202,3480
2203,11440
2204,2
2205,35
2206,24
2207,45
2208,3
2209,35
2210,496
2211,25.12
2212,345
2213,3.6
2214,1
2215,3.5
2216,13
2217,82
2218,14
2219,12
2220,18140
2221,204
2222,495
2223,31
2224,2.43
2225,36000
2226,4800
2227,240
2228,36
2229,3650
2230,37.68
2231,9
2232,30
2233,27
2234,7.1
2235,5.488
2236,36
2237,25
2238,50
2239,200
2240,400
2241,380
2242,35
2243,2788
2244,45
2245,2.35
2246,9
2247,70
2248,9
2249,480
2250,3600
2251,32
2252,39
2253,24
2254,1440
2255,12
2256,20
2257,5300
2258,24
2259,2
2260,396
2261,2%
2262,22
2263,45.9
2264,3
2265,27
2266,2732
2267,20.5
2268,20
2269,288
2270,34.8
2271,35
2272,96.2
2273,40
2274,8
2275,101
2276,104
2277,2560
2278,40000
2279,4
2280,90
2281,1260
2282,345
2283,2450
2284,3097
2285,27
2286,13
2287,15
2288,15
2289,280
2290,30
2291,27
2292,9
2293,60
2294,10.5
2295,39.45
2296,36
2297,8
2298,4.5
2299,314.15
2300,84
2301,2.5
2302,30000
2303,24
2304,34.305227
2305,25.12
2306,30
2307,45
2308,9
2309,8
2310,16
2311,2
2312,34.8
2313,1800
2314,3200
2315,6
2316,250
2317,870
2318,2.4
2319,148
2320,205
2321,36
2322,32
2323,3.48
2324,25
2325,900
2326,2247
2327,380
2328,40
2329,20
2330,40
2331,29
2332,0.4
2333,3020
2334,34
2335,240
2336,75
2337,5
2338,803
2339,4.5
2340,27
2341,2440
2342,18
2343,50.8
2344,3/8
2345,80
2346,676
2347,96
2348,12
2349,290
2350,120
2351,30
2352,240
2353,24
2354,50
2355,2000
2356,3095
2357,13
2358,200
2359,943
2360,80
2361,12
2362,448
2363,3.5
2364,476
2365,900
2366,30
2367,20.89
2368,16
2369,13
2370,20
2371,9
2372,4
2373,84
2374,240
2375,32
2376,18
2377,8
2378,3
2379,3.8
2380,240
2381,40
2382,8.25
2383,254
2384,350
2385,111
2386,25
2387,1726
2388,13
2389,3
2390,48
2391,20000
2392,21000000
2393,900
2394,5.6
2395,7
2396,180
2397,10
2398,300
2399,90
2400,7.9
2401,28
2402,0.2
2403,12
2404,2320
2405,30
2406,74
2407,2.4
2408,9
2409,24.792
2410,9
2411,50.88
2412,8
2413,10
2414,35.5
2415,20.4
2416,25.12
2417,250
2418,70
2419,30
2420,200
2421,700
2422,8
2423,4.5
2424,4.0625
2425,384
2426,20
2427,20
2428,27
2429,2.4
2430,18
2431,48.75
2432,3.75
2433,8.5
2434,90
2435,24
2436,37.1
2437,704
2438,20
2439,12
2440,30
2441,243
2442,36
2443,3
2444,34.5
2445,14
2446,70
2447,290
2448,7
2449,59.2
2450,4900
2451,30
2452,20
2453,248
2454,10
2455,80
2456,40%
2457,144
2458,36
2459,240.75
2460,300
2461,5
2462,2
2463,30
2464,231.4
2465,300
2466,38
2467,32
2468,20
2469,40
2470,32
2471,52
2472,10
2473,72000000
2474,30
2475,80
2476,8
2477,4
2478,19
2479,30
2480,10
2481,348.5
2482,34
2483,7
2484,25.12
2485,1200
2486,2.4
2487,240
2488,24
2489,12
2490,20
2491,12
2492,9
2493,13
2494,18
2495,98
2496,20
2497,94400
2498,3/8
2499,34.8
2500,490
2501,34
2502,1800
2503,20
2504,9%
2505,55
2506,5.75
2507,30.5
2508,240
2509,48
2510,450
2511,37.68
2512,330
2513,3.72
2514,8.54
2515,30
2516,2
2517,25.12
2518,248.75
2519,8
2520,134.15
2521,584
2522,70.52
2523,15
2524,24
2525,352
2526,24
2527,348
2528,20.5
2529,48
2530,24
2531,3
2532,25
2533,208
2534,30
2535,30
2536,320
2537,288
2538,3.4
2539,54
2540,27
2541,8
2542,12
2543,2
2544,870
2545,18
2546,392
2547,7
2548,800
2549,24
2550,10
2551,5
2552,34
2553,25%
2554,40.5
2555,8
2556,234
2557,307.84
2558,8.4
2559,180.792174
2560,92
2561,10
2562,19.2
2563,36
2564,4
2565,345
2566,38
2567,4.144
2568,9
2569,380
2570,30
2571,3420
2572,8
2573,14
2574,80
2575,30
2576,8
2577,39
2578,19.704
2579,75.36
2580,1092.8
2581,15
2582,20
2583,72
2584,30.97
2585,2560
2586,58
2587,28
2588,20
2589,24
2590,3.08
2591,23
2592,24
2593,132
2594,270
2595,30
2596,18
2597,2.1
2598,30
2599,30.4
2600,75
2601,3840
2602,9000
2603,39.6
2604,256
2605,30.8
2606,24
2607,30
2608,2000000
2609,23
2610,80
2611,27.9048
2612,1304
2613,1125
2614,30
2615,13
2616,49.2
2617,2250
2618,2700
2619,13
2620,90%
2621,2.4
2622,3/7
2623,8
2624,4
2625,37.68
2626,75.36
2627,140
2628,80%
2629,90.4
2630,540
2631,12000000
2632,6400
2633,70
2634,24.5
2635,25
2636,9
2637,254.9
2638,28
2639,15
2640,20
2641,25
2642,4
2643,528
2644,30
2645,27.36
2646,34
2647,24
2648,240
2649,300
2650,3
2651,3
2652,3
2653,7200
2654,240
2655,2.88
2656,8
2657,8
2658,9
2659,2.05
2660,36
2661,8
2662,3.2
2663,3
2664,480
2665,2880
2666,6
2667,13.8%
2668,108
2669,40
2670,12
2671,300
2672,2500
2673,25
2674,10
2675,35
2676,24
2677,2
2678,704
2679,308.8
2680,32
2681,48
2682,4
2683,72000000
2684,32000000
2685,2800
2686,80.0%
2687,400
2688,58
2689,10
2690,48
2691,5280
2692,2
2693,400
2694,20.2
2695,15
2696,289.5
2697,530
2698,3
2699,24
2700,15
2701,2
2702,1200
2703,200
2704,78
2705,200
2706,8
2707,24
2708,8
2709,45000
2710,80
2711,9
2712,70.4
2713,720
2714,2
2715,360
2716,37.68
2717,270
2718,36
2719,12.5
2720,29400
2721,1768
2722,20080
2723,709
2724,20400
2725,24
2726,2.4
2727,20
2728,3928
2729,24
2730,139
2731,2700
2732,20
2733,200
2734,22
2735,30
2736,24
2737,1000
2738,24
2739,30
2740,2.4
2741,45
2742,2
2743,208
2744,48
2745,27
2746,308
2747,24
2748,25
2749,96
2750,20
2751,39
2752,1000
2753,5
2754,13
2755,24
2756,2.85
2757,240
2758,42
2759,3.2
2760,800
2761,800
2762,24
2763,254
2764,45
2765,21.3
2766,18
2767,20
2768,399
2769,2.5
2770,8
2771,3.48
2772,8
2773,22
2774,70
2775,24
2776,30
2777,18
2778,45
2779,250
2780,9
2781,20
2782,38
2783,4
2784,450
2785,7
2786,900
2787,48
2788,252
2789,8
2790,7
2791,2
2792,36
2793,36
2794,8
2795,100
2796,20.5
2797,4
2798,24.5
2799,13
2800,9
2801,45
2802,7
2803,100000000
2804,388.5
2805,246
2806,200
2807,23
2808,25
2809,20
2810,3.768
2811,1304
2812,40
2813,24
2814,25.12
2815,1
2816,24
2817,5400
2818,49
2819,430
2820,3.14
2821,90
2822,304.8
2823,7
2824,2
2825,40
2826,4800
2827,15
2828,200
2829,16
2830,20
2831,27
2832,3.79
2833,40
2834,726
2835,6
2836,25
2837,2400
2838,400
2839,80
2840,270
2841,48
2842,25
2843,24
2844,380
2845,24
2846,48
2847,24
2848,378
2849,904
2850,9
2851,0
2852,36
2853,200
2854,30
2855,9
2856,2
2857,28
2858,30
2859,25
2860,3700
2861,300
2862,10.5
2863,3.85
2864,64
2865,24
2866,9
2867,80
2868,3.14
2869,1000
2870,170
2871,2400
2872,1188
2873,5
2874,25.12
2875,900
2876,5
2877,30%
2878,920
2879,32
2880,4
2881,7200
2882,90%
2883,18
2884,8
2885,7.875
2886,20
2887,31.4
2888,350
2889,37600
2890,8020
2891,270
2892,20
2893,4
2894,270
2895,25%
2896,24
2897,259
2898,2450
2899,3000
2900,4
2901,280
2902,129
2903,12
2904,90
2905,144
2906,39
2907,72
2908,32
2909,340
2910,4
2911,24
2912,505
2913,74
2914,3
2915,320
2916,17
2917,50.24
2918,25
2919,665
2920,45
2921,16
2922,24
2923,6600
2924,3
2925,0.784
2926,11920
2927,20
2928,2920
2929,8
2930,12400
2931,10
2932,897
2933,24
2934,15
2935,379
2936,8
2937,25
2938,8
2939,38.9
2940,2.854
2941,250
2942,400
2943,36
2944,0
2945,45.14
2946,400
2947,250.88
2948,20
2949,358
2950,20.79
2951,4.4
2952,30
2953,20
2954,250
2955,2.35
2956,10
2957,12
2958,36
2959,45
2960,8
2961,24
2962,40
2963,140
2964,16
2965,20
2966,18
2967,180
2968,270
2969,2700
2970,24
2971,20.8
2972,210
2973,30
2974,3.08
2975,3
2976,14
2977,251.2
2978,176
2979,40
2980,18
2981,97%
2982,8
2983,3840
2984,35200
2985,45
2986,1.7
2987,20
2988,30
2989,240
2990,0.56
2991,0.16
2992,38.5
2993,38.8
2994,2400
2995,30
2996,400
2997,49
2998,9
2999,24
3000,3
3001,240
3002,208
3003,80.96
3004,0.8
3005,20
3006,27
3007,20
3008,121.6
3009,30
3010,22.607929
3011,1.2
3012,251.2
3013,2792
3014,3.768
3015,300
3016,13
3017,340
3018,80
3019,24
3020,40
3021,20
3022,8000
3023,80
3024,36
3025,32
3026,30
3027,4000
3028,37680
3029,1440
3030,3
3031,7280
3032,2.5
3033,24
3034,8
3035,500
3036,1020
3037,18
3038,9.5%
3039,3200
3040,752
3041,3
3042,3
3043,30
3044,240
3045,9
3046,28
3047,172
3048,3.6
3049,30
3050,2.5
3051,45
3052,36
3053,19
3054,15
3055,270
3056,800
3057,3
3058,300
3059,540.96
3060,480.75
3061,312
3062,30.779919
3063,30.732149
3064,280
3065,24
3066,1400
3067,223
3068,12
3069,300
3070,80
3071,6690
3072,300%
3073,24
3074,3.5
3075,384
3076,20
3077,395.2
3078,25
3079,25
3080,27
3081,30.8
3082,12560
3083,4.71
3084,27
3085,24
3086,2300
3087,20
3088,45
3089,480
3090,98%
3091,80
3092,42
3093,248
3094,39
3095,79.2
3096,4.89
3097,20000
3098,240.96
3099,3000
3100,2.38
3101,157/2
3102,300
3103,30.4
3104,2.4
3105,30
3106,240
3107,850
3108,45
3109,2.5
3110,2000
3111,180
3112,150
3113,160
3114,290
3115,2.3
3116,300
3117,120
3118,28
3119,25
3120,340
3121,256
3122,300
3123,27
3124,24
3125,450
3126,850
3127,30.4
3128,24
3129,29.4
3130,75000
3131,30
3132,3
3133,3.9
3134,39400
3135,240
3136,378.4
3137,282.74
3138,400
3139,49
3140,2
3141,1800
3142,20
3143,20
3144,8
3145,3972
3146,3
3147,300
3148,1.1
3149,80
3150,20
3151,30
3152,9
3153,15
3154,9
3155,2.4
3156,24
3157,0.48
3158,36
3159,18
3160,9440
3161,208
3162,1848
3163,30%
3164,1
3165,24
3166,27
3167,78
3168,13
3169,4
3170,84
3171,20
3172,32
3173,4
3174,70
3175,480
3176,4890
3177,41
3178,516
3179,20
3180,369
3181,36.3
3182,7.4
3183,2.3
3184,7200
3185,360
3186,5.5
3187,284
3188,945
3189,9
3190,36
3191,745
3192,280
3193,300
3194,3840
3195,30
3196,72
3197,5120
3198,480
3199,480
3200,70
3201,576
3202,3600
3203,48
3204,49
3205,20
3206,480
3207,30.8
3208,203
3209,280
3210,98
3211,39
3212,72
3213,8
3214,9
3215,200
3216,208
3217,400
3218,10
3219,235
3220,30
3221,35
3222,9
3223,380
3224,360
3225,780
3226,120
3227,9
3228,20
3229,18
3230,3620
3231,416
3232,360
3233,2500
3234,20
3235,3780
3236,279
3237,3250
3238,475
3239,23
3240,300
3241,3480
3242,2704
3243,1160
3244,1800
3245,25
3246,3540
3247,279
3248,274
3249,27
3250,520
3251,27
3252,300
3253,1200
3254,9
3255,9
3256,9
3257,3
3258,12
3259,12
3260,2594
3261,8
3262,2
3263,30
3264,4
3265,4
3266,790
3267,450
3268,30.5
3269,184
3270,165
3271,24
3272,28
3273,9
3274,99
3275,84
3276,12
3277,46
3278,59
3279,750
3280,784
3281,5855
3282,30
3283,402
3284,528
3285,40.5
3286,25
3287,23
3288,950
3289,1800
3290,580
3291,37
3292,180
3293,14
3294,25
3295,29
3296,390
3297,200
3298,800
3299,402
3300,5
3301,507
3302,792
3303,28
3304,849
3305,9
3306,1247
3307,72
3308,293
3309,33
3310,98
3311,1300
3312,44
3313,20
3314,2
3315,15
3316,315
3317,1025
3318,219
3319,9
3320,220
3321,30
3322,370
3323,7.5
3324,3584
3325,15
3326,600
3327,20000
3328,2825
3329,108
3330,8.5
3331,300
3332,250
3333,7440
3334,278
3335,45
3336,209
3337,9
3338,372
3339,720
3340,200
3341,742
3342,80
3343,9
3344,237
3345,24
3346,360
3347,20
3348,2400
3349,45
3350,18
3351,20
3352,25
3353,23
3354,39
3355,2900
3356,1224
3357,392
3358,20
3359,94
3360,230
3361,520
3362,136
3363,252
3364,40
3365,382
3366,20
3367,300
3368,8
3369,3
3370,13500
3371,29050
3372,5932
3373,54
3374,34.5
3375,380
3376,7
3377,940
3378,240
3379,32
3380,30
3381,2589
3382,29
3383,780
3384,2754
3385,72
3386,294
3387,15
3388,24
3389,14.5
3390,102
3391,1008
3392,960
3393,240
3394,46
3395,265
3396,24
3397,390
3398,20
3399,90
3400,325
3401,75
3402,27
3403,52
3404,25
3405,20.5
3406,40
3407,450
3408,25
3409,20
3410,9
3411,14
3412,30
3413,4185
3414,34
3415,230
3416,9
3417,40
3418,8
3419,309
3420,72
3421,200
3422,552
3423,18900
3424,2748
3425,2
3426,46800
3427,4272
3428,320
3429,27
3430,4
3431,38
3432,706
3433,20
3434,245
3435,44.88
3436,9
3437,20
3438,308
3439,78
3440,23.5
3441,240
3442,50
3443,13
3444,900
3445,84
3446,380
3447,2.5
3448,270
3449,1008
3450,1200
3451,270
3452,5200
3453,30
3454,9
3455,270
3456,5
3457,52
3458,40
3459,3
3460,34
3461,2
3462,15
3463,2720
3464,30
3465,9
3466,450
3467,30
3468,79.45
3469,300
3470,9.2
3471,27
3472,37.8
3473,2360
3474,24
3475,2700
3476,30
3477,9
3478,8
3479,720
3480,975
3481,3
3482,20
3483,20.5
3484,800
3485,20
3486,30
3487,27
3488,48
3489,36
3490,20
3491,2160
3492,30
3493,394
3494,90
3495,20
3496,2
3497,2.5
3498,3
3499,20
3500,8
3501,12
3502,71
3503,800
3504,4
3505,3140
3506,7
3507,32.5
3508,780
3509,3200
3510,720
3511,3600
3512,10
3513,3750
3514,31.75
3515,5760
3516,136
3517,36
3518,100
3519,400
3520,192
3521,12
3522,24
3523,7
3524,72
3525,3000
3526,540
3527,540000
3528,4
3529,7.8
3530,40
3531,20
3532,9.18
3533,150
3534,10
3535,10
3536,27
3537,6
3538,512
3539,356
3540,45
3541,1720
3542,12180
3543,2850
3544,27
3545,5
3546,7
3547,2
3548,372
3549,1800
3550,25
3551,70
3552,12
3553,4950
3554,205
3555,648
3556,204
3557,2
3558,12
3559,250
3560,394
3561,2100
3562,928
3563,9
3564,14400
3565,14
3566,32
3567,8550
3568,1536
3569,200
3570,10
3571,3
3572,20
3573,35
3574,8
3575,1120
3576,58
3577,20
3578,15
3579,18
3580,10800
3581,72
3582,38
3583,13
3584,360
3585,12
3586,70
3587,186
3588,6480
3589,48
3590,3000
3591,30
3592,50.4
3593,15
3594,30.5
3595,4900
3596,270
3597,15
3598,23
3599,20
3600,398
3601,39408
3602,74
3603,4980
3604,9000
3605,640
3606,32
3607,9
3608,20
3609,25
3610,27
3611,15
3612,75.48
3613,340
3614,945
3615,12
3616,736
3617,119
3618,50
3619,200
3620,240
3621,19
3622,450
3623,33
3624,8
3625,4200
3626,83
3627,480
3628,2160
3629,270
3630,240
3631,1020
3632,390
3633,4520
3634,3575
3635,140
3636,240
3637,19
3638,20
3639,390
3640,2334
3641,8
3642,108
3643,3400
3644,3.42
3645,25
3646,24
3647,2450
3648,9
3649,2700
3650,20
3651,25
3652,216
3653,2450
3654,304
3655,36
3656,105
3657,729
3658,240
3659,1574
3660,18
3661,25500
3662,2
3663,39
3664,14
3665,305
3666,24
3667,1
3668,800
3669,2520
3670,480
3671,360
3672,12
3673,300
3674,14.5
3675,1096
3676,4820.5
3677,90.2
3678,3.4
3679,5520
3680,204
3681,480
3682,32
3683,30
3684,30
3685,258
3686,1632
3687,600
3688,1000
3689,1536
3690,2700
3691,25
3692,15
3693,43
3694,1138
3695,504
3696,42
3697,3
3698,3400
3699,180
3700,1632
3701,240
3702,3800
3703,2
3704,2700
3705,20
3706,4500
3707,50.4
3708,508
3709,34
3710,8.333333
3711,720
3712,18300
3713,30
3714,408
3715,2940
3716,14000
3717,504
3718,34
3719,1728
3720,8
3721,86
3722,180.5
3723,54
3724,39750
3725,13
3726,20
3727,300
3728,12
3729,30
3730,2450
3731,72
3732,200
3733,174
3734,532
3735,225
3736,107
3737,7080
3738,736
3739,12000
3740,858
3741,2500
3742,54.2
3743,3052
3744,120
3745,450
3746,212
3747,8
3748,150
3749,8
3750,2508
3751,105
3752,100
3753,304
3754,450
3755,360
3756,13
3757,320
3758,3360
3759,3000
3760,18000
3761,410
3762,92
3763,12
3764,5920
3765,13
3766,3
3767,2020
3768,300
3769,24
3770,25
3771,2160
3772,102
3773,20
3774,710
3775,11
3776,17000
3777,30
3778,7425
3779,8
3780,572
3781,30
3782,2
3783,280
3784,672
3785,24
3786,4980
3787,24
3788,474
3789,42
3790,12.5
3791,3430
3792,270
3793,68
3794,470
3795,105.6
3796,18
3797,36
3798,35
3799,97
3800,880
3801,37.8
3802,7290
3803,12
3804,9
3805,84
3806,379
3807,958
3808,54
3809,17
3810,40
3811,24
3812,40
3813,55
3814,850
3815,49
3816,395
3817,20
3818,45
3819,36
3820,49500
3821,30
3822,36
3823,15
3824,90
3825,5
3826,36
3827,72
3828,276
3829,1730
3830,389.5
3831,8.64
3832,112000
3833,20
3834,90
3835,270
3836,768
3837,24
3838,57
3839,2190
3840,240
3841,1512
3842,48
3843,3233
3844,3
3845,8
3846,7
3847,48
3848,9
3849,3400
3850,308
3851,96
3852,400
3853,48
3854,720
3855,50
3856,288
3857,216
3858,490
3859,300
3860,960
3861,96
3862,210
3863,1440
3864,468
3865,28700
3866,1224
3867,375
3868,568
3869,2500
3870,5
3871,40
3872,14
3873,720
3874,27
3875,5760
3876,34
3877,72
3878,540
3879,3500
3880,3.2
3881,10
3882,45
3883,30
3884,15
3885,24
3886,28.8
3887,240
3888,240
3889,720000
3890,48
3891,80
3892,1.86
3893,54
3894,8
3895,36
3896,270
3897,27
3898,12
3899,25
3900,20
3901,15
3902,28
3903,4400
3904,3
3905,50
3906,144
3907,168
3908,30
3909,4.58
3910,410
3911,25
3912,91
3913,200
3914,16084
3915,9052
3916,250
3917,32
3918,3360
3919,324
3920,300
3921,2570
3922,2100
3923,15
3924,750
3925,30
3926,23
3927,210
3928,39
3929,250
3930,340
3931,4.08
3932,380
3933,340
3934,240
3935,50
3936,1304
3937,57
3938,281
3939,754
3940,594
3941,1258
3942,7
3943,764
3944,41
3945,3
3946,90
3947,24
3948,40
3949,4
3950,470
3951,430
3952,5
3953,388.8
3954,462
3955,320
3956,1884
3957,30
3958,9
3959,20
3960,40
3961,24
3962,30
3963,37.5
3964,2408
3965,45
3966,24
3967,20
3968,432
3969,20
3970,240
3971,30
3972,557
3973,232
3974,120
3975,25
3976,9
3977,20
3978,18
3979,30
3980,10
3981,1490
3982,8
3983,360
3984,39
3985,2450
3986,49
3987,2.5
3988,248
3989,20
3990,1500
3991,25
3992,7200
3993,38.5
3994,720
3995,23
3996,9
3997,54
3998,80
3999,20
4000,45
4001,18
4002,890
4003,1556
4004,5949
4005,25
4006,28.9
4007,30
4008,250
4009,272
4010,80
4011,32
4012,340
4013,30
4014,90
4015,24
4016,20
4017,202
4018,18.4
4019,18.4
4020,20
4021,5
4022,9
4023,348
4024,28
4025,8000
4026,4197
4027,24
4028,300
4029,2.4
4030,20
4031,90
4032,30
4033,2400
4034,79
4035,1
4036,27
4037,360
4038,5980
4039,240.5
4040,104.8
4041,375
4042,35
4043,890
4044,18
4045,960
4046,1740
4047,4800
4048,27.9
4049,504
4050,150
4051,3
4052,340
4053,14
4054,36
4055,345
4056,240
4057,790
4058,254
4059,254
4060,320
4061,830.5
4062,2880
4063,890
4064,10
4065,300
4066,243
4067,3480
4068,4
4069,712
4070,40.8
4071,30000
4072,39
4073,70.4
4074,1500
4075,368
4076,5
4077,2.8
4078,27
4079,200
4080,6
4081,280
4082,393
4083,354
4084,27
4085,2540
4086,129
4087,1442
4088,320
4089,24
4090,48
4091,930
4092,20.5
4093,20
4094,7200
4095,3984
4096,3
4097,3
4098,234.5
4099,2880
4100,45
4101,390
4102,800
4103,300
4104,390
4105,304
4106,300
4107,2592
4108,73.2
4109,2.7
4110,8
4111,5.333333
4112,9
4113,38
4114,39200
4115,75
4116,9
4117,32
4118,12
4119,780
4120,27
4121,5
4122,32
4123,8
4124,25
4125,34
4126,4800
4127,1125
4128,300
4129,240
4130,350
4131,94
4132,2375
4133,2
4134,40
4135,20.5
4136,456
4137,3
4138,30.5
4139,240
4140,52
4141,258
4142,3840
4143,470
4144,3804
4145,490
4146,30
4147,13
4148,13
4149,563
4150,254
4151,800
4152,7
4153,516
4154,3788
4155,3.5
4156,2.5
4157,322
4158,3
4159,20
4160,1
4161,240
4162,26
4163,3920
4164,470
4165,36
4166,78
4167,380
4168,15
4169,15
4170,2880
4171,87.75
4172,72
4173,384
4174,3840
4175,300
4176,28
4177,379.84
4178,376.8
4179,18
4180,20.08
4181,20000
4182,344
4183,125
4184,232
4185,12.5
4186,15
4187,48
4188,3
4189,4
4190,30
4191,251.2
4192,30
4193,8
4194,30.000000000000004%
4195,29.52
4196,20.5
4197,256
4198,400.96
4199,27
4200,1152
4201,45
4202,70%
4203,48
4204,2
4205,3000
4206,30
4207,900
4208,308
4209,2700
4210,49
4211,27
4212,240
4213,3
4214,34
4215,8
4216,19
4217,28
4218,50
4219,1050
4220,10
4221,180
4222,24
4223,96
4224,45
4225,208
4226,30
4227,30
4228,20
4229,37.68
4230,24
4231,28
4232,4.714286
4233,15%
4234,37.68
4235,58
4236,30
4237,3.6
4238,4
4239,108
4240,270
4241,20
4242,40
4243,400
4244,28
4245,640
4246,350
4247,30
4248,480
4249,7.5
4250,2
4251,30
4252,750
4253,3.15
4254,24000000
4255,13
4256,15.72
4257,8
4258,20
4259,48
4260,23
4261,548
4262,24
4263,254
4264,188
4265,2
4266,0.9
4267,35
4268,34
4269,9
4270,200
4271,24
4272,32
4273,29
4274,28
4275,560
4276,2080
4277,120
4278,42
4279,2484
4280,27.6
4281,29.274321
4282,18
4283,44
4284,47
4285,270
4286,20
4287,2700
4288,30
4289,3808
4290,39
4291,15
4292,10
4293,3952
4294,180
4295,48
4296,32
4297,340
4298,238
4299,30
4300,9
4301,24
4302,720
4303,2.4
4304,230
4305,80
4306,34
4307,10
4308,3
4309,300
4310,24000
4311,2400
4312,9
4313,240
4314,25%
4315,10%
4316,3780
4317,280
4318,205
4319,30
4320,102
4321,23
4322,300
4323,4
4324,28
4325,37.68
4326,50.49
4327,3
4328,80
4329,0.96
4330,48
4331,8902
4332,27
4333,288
4334,281
4335,80
4336,30
4337,209
4338,32
4339,48
4340,0.92
4341,870
4342,308
4343,1800
4344,30
4345,24.1
4346,90
4347,78.2
4348,25.71%
4349,3.5
4350,30
4351,400
4352,14
4353,24
4354,23
4355,28
4356,2.5
4357,78.4
4358,1
4359,30
4360,24
4361,32
4362,2
4363,14
4364,240
4365,30
4366,240
4367,20
4368,270000
4369,270
4370,28
4371,38.9
4372,20.5
4373,20
4374,20
4375,3/5
4376,54
4377,4
4378,25
4379,9
4380,37.68
4381,30
4382,28
4383,45
4384,48
4385,24
4386,25
4387,4.2
4388,200
4389,8%
4390,240
4391,3648
4392,3.75
4393,3.2
4394,45
4395,5120
4396,5120
4397,34000
4398,30
4399,24
4400,20
4401,2320
4402,30
4403,20
4404,30
4405,3
4406,10
4407,4.8
4408,18
4409,23
4410,34
4411,235
4412,20.8
4413,508
4414,128
4415,48
4416,14
4417,20
4418,2000
4419,300
4420,5
4421,75
4422,12.6
4423,300
4424,35.2
4425,300
4426,5400
4427,20400
4428,37.6
4429,37.68
4430,204.8
4431,20
4432,7/12
4433,960
4434,2.4
4435,700
4436,25
4437,39
4438,2.048
4439,5.04
4440,8
4441,240
4442,20%
4443,26
4444,34.5
4445,27
4446,48
4447,360
4448,40.96
4449,34.58
4450,25.12
4451,4
4452,30.784
4453,8
4454,2880
4455,48
4456,930000
4457,50
4458,2
4459,20
4460,288
4461,36.72
4462,30
4463,32.82
4464,28.26
4465,28.26
4466,28.27
4467,3.14
4468,36
4469,1120
4470,45
4471,2050
4472,36
4473,2.4
4474,34700
4475,25.12
4476,24
4477,20
4478,300
4479,1280
4480,80
4481,348
4482,30.72
4483,1760
4484,120
4485,150
4486,22
4487,28.95
4488,2
4489,25.12
4490,20.89
4491,2.4
4492,314
4493,8.5
4494,29000
4495,34
4496,37.68
4497,25
4498,287.2
4499,30
4500,32.4
4501,20.5
4502,18
4503,3600
4504,30.72
4505,80%
4506,30.7321
4507,25.12
4508,8.71
4509,471.5
4510,20
4511,75
4512,21
4513,18.9
4514,9
4515,20
4516,31.4
4517,3408
4518,15
4519,44
4520,3/14
4521,7.8
4522,5700
4523,12.56
4524,24
4525,495.6
4526,259.2
4527,392
4528,32
4529,2400
4530,96
4531,20
4532,4000
4533,25
4534,18
4535,50
4536,30
4537,24.59
4538,4.5
4539,2100
4540,3400
4541,32
4542,25120
4543,28.26
4544,393
4545,58.7
4546,9600000
4547,25
4548,58
4549,4034
4550,28.27
4551,20%
4552,28.271905
4553,36
4554,25.8
4555,38
4556,38.24
4557,58.75
4558,214
4559,270
4560,3
4561,28.27
4562,2.4
4563,10
4564,450
4565,320
4566,300
4567,20
4568,314
4569,97.0
4570,15.4
4571,52.79
4572,30.72
4573,942
4574,20
4575,6
4576,20
4577,379.84
4578,308.96
4579,0.96
4580,30
4581,3.792
4582,54
4583,30.72
4584,30
4585,8
4586,8.04
4587,3/8
4588,3800
4589,2800
4590,45
4591,4
4592,140
4593,47181
4594,24
4595,30
4596,30
4597,30
4598,14
4599,38.5
4600,252
4601,20.943219
4602,240
4603,80
4604,3.048
4605,4.089928
4606,37.699025
4607,39.84
4608,13/7
4609,5892
4610,90
4611,37.68
4612,25.12
4613,200.96
4614,5.4
4615,8.059278
4616,3
4617,249.152
4618,240
4619,28
4620,25.12
4621,83.3%
4622,24
4623,780
4624,20
4625,720
4626,18
4627,28.27
4628,32
4629,200
4630,20.8
4631,90000
4632,74.4
4633,27
4634,31
4635,8
4636,42
4637,28
4638,320
4639,15
4640,29
4641,2
4642,2.579088
4643,384.792
4644,34500
4645,354
4646,2.4
4647,20
4648,8
4649,40
4650,8.71
4651,24
4652,50
4653,30.25
4654,1000
4655,4.7
4656,3990
4657,38.8544
4658,24
4659,30.2
4660,204.7952
4661,45360000
4662,348
4663,20
4664,2
4665,26
4666,300
4667,28.27
4668,12
4669,2500
4670,520
4671,376.8
4672,30
4673,90
4674,280
4675,18
4676,314.5
4677,16
4678,22.85
4679,201.92
4680,42
4681,7/20
4682,40%
4683,20
4684,240
4685,30
4686,0
4687,27.5
4688,900
4689,1/2
4690,5.08
4691,8
4692,38.5
4693,25.12
4694,20.94
4695,307.784
4696,28
4697,3.6
4698,7
4699,314
4700,1256
4701,25.12
4702,3.5
4703,3
4704,3
4705,20.4
4706,360
4707,24
4708,309
4709,30
4710,20%
4711,205
4712,80000
4713,132
4714,30.7792
4715,13
4716,78.52
4717,31.4
4718,630
4719,19.5
4720,25
4721,654
4722,1094
4723,3.15
4724,28.27
4725,24
4726,9
4727,20
4728,314
4729,60
4730,10.8
4731,350
4732,480.75
4733,36
4734,4200
4735,31.4
4736,40
4737,8
4738,0.15
4739,1000
4740,25.12
4741,94.24
4742,3.4
4743,3.2
4744,240
4745,284.96
4746,40
4747,48
4748,87.944
4749,73.84
4750,250
4751,20
4752,20.88
4753,34
4754,800
4755,4000
4756,37.68
4757,54
4758,2700000
4759,8000
4760,24
4761,5.75
4762,7.05
4763,200
4764,248.5
4765,180
4766,3920
4767,800
4768,30
4769,24
4770,34.12
4771,38.52
4772,1.84
4773,27000
4774,20
4775,320
4776,376.8
4777,3.78
4778,2.5%
4779,24
4780,24.78
4781,40.96
4782,20
4783,48
4784,2080
4785,31400
4786,600
4787,2.4
4788,4
4789,2.82746
4790,20.8
4791,47900
4792,98.12
4793,6280
4794,45
4795,30.72
4796,94.28
4797,37.68
4798,25
4799,27.6
4800,314
4801,1
4802,25
4803,25
4804,4
4805,568.32
4806,289
4807,900
4808,270
4809,83200
4810,37.68
4811,3140
4812,377
4813,20
4814,2.5
4815,2160
4816,9.4%
4817,33/40
4818,4
4819,5920
4820,30.5
4821,378
4822,3.768
4823,4.5
4824,4.28
4825,200
4826,20
4827,700000
4828,4.71
4829,36
4830,9
4831,270.903211
4832,70
4833,5
4834,204.89
4835,36
4836,25.3
4837,25.12
4838,314.16
4839,28.27
4840,20
4841,60
4842,28800
4843,34.8
4844,24
4845,300
4846,20
4847,30
4848,468
4849,208
4850,3
4851,240
4852,280
4853,423
4854,10
4855,8
4856,48
4857,240000
4858,30
4859,1/10
4860,4
4861,384.75
4862,3
4863,2
4864,2.25
4865,31.4
4866,10
4867,10
4868,25
4869,27.5
4870,32
4871,24
4872,30
4873,400.96
4874,3920
4875,251.2
4876,3140
4877,376.8
4878,3840000
4879,1
4880,25.12
4881,8
4882,40
4883,1/5
4884,15
4885,800
4886,24
4887,3
4888,18
4889,3
4890,20
4891,30
4892,34
4893,450
4894,30
4895,6
4896,320
4897,490
4898,3
4899,2
4900,270
4901,19
4902,40.8
4903,490
4904,30.779523
4905,30.779523
4906,13
4907,15
4908,24
4909,72
4910,24
4911,30.8592
4912,4.5
4913,4
4914,20
4915,40
4916,289.5
4917,38
4918,3
4919,27000
4920,20
4921,2080
4922,8.4
4923,2.5
4924,18
4925,24
4926,2800
4927,2790
4928,3.784
4929,8
4930,32
4931,9000000
4932,9000000
4933,0.8
4934,31.5
4935,4.32
4936,15
4937,3
4938,0.828283
4939,2
4940,15
4941,30
4942,18
4943,40
4944,29.4
4945,20
4946,5
4947,200.96
4948,9
4949,30
4950,20
4951,25
4952,25
4953,20
4954,592
4955,3/7
4956,38
4957,20
4958,9
4959,25.12
4960,25.12
4961,720
4962,0.175%
4963,24
4964,3.5
4965,70
4966,93
4967,230
4968,32
4969,52
4970,32
4971,42
4972,68
4973,53
4974,28
4975,27
4976,21
4977,18
4978,17
4979,9
4980,56
4981,12
4982,92
4983,56
4984,25
4985,36
4986,12
4987,24
4988,27
4989,30
4990,35
4991,18
4992,2.4
4993,4
4994,6
4995,84
4996,9
4997,24
4998,90
4999,20
5000,36
5001,27
5002,24
5003,60
5004,88
5005,125
5006,22
5007,37
5008,9
5009,47
5010,81
5011,55
5012,7
5013,2
5014,18
5015,14
5016,25
5017,7
5018,130
5019,8.5
5020,8
5021,24
5022,56
5023,27
5024,12
5025,73
5026,99
5027,25
5028,10
5029,20
5030,7
5031,36
5032,34
5033,18
5034,7
5035,10
5036,2
5037,11
5038,38
5039,55
5040,8
5041,4
5042,20
5043,31
5044,50
5045,27
5046,12
5047,30
5048,20
5049,50
5050,21
5051,29
5052,20
5053,55
5054,35
5055,73
5056,37
5057,90
5058,20
5059,45
5060,115
5061,8
5062,29
5063,89
5064,4
5065,25
5066,20
5067,49
5068,95
5069,80
5070,7
5071,33
5072,25
5073,25
5074,32
5075,57
5076,34
5077,2
5078,42
5079,24
5080,27
5081,30
5082,30
5083,17
5084,4
5085,74
5086,44
5087,24
5088,22
5089,42
5090,32
5091,14
5092,24
5093,23
5094,8
5095,6
5096,8
5097,16
5098,15
5099,18
5100,14
5101,27
5102,9
5103,15
5104,40.8
5105,27
5106,27
5107,23
5108,20
5109,75
5110,182
5111,20
5112,98
5113,27
5114,308
5115,200
5116,34
5117,25
5118,384.96
5119,20
5120,10
5121,2400
5122,750
5123,20
5124,3430
5125,248
5126,36
5127,14
5128,70
5129,8
5130,3
5131,30
5132,239
5133,56
5134,200
5135,13
5136,3.5
5137,20
5138,24
5139,37.68
5140,37.68
5141,30.78
5142,24.75
5143,4890
5144,2
5145,2
5146,290
5147,300
5148,37.68
5149,240
5150,3996
5151,20.5
5152,200
5153,32
5154,3.24
5155,3904
5156,24.5
5157,24
5158,300
5159,30
5160,16
5161,45
5162,304
5163,20.5
5164,4444
5165,18
5166,348
5167,2048
5168,200
5169,376.8
5170,2040
5171,70.89
5172,1.008
5173,3450
5174,25
5175,3
5176,72
5177,38
5178,301.44
5179,30000
5180,48
5181,10
5182,3040
5183,60
5184,28
5185,3.5
5186,2300
5187,342
5188,18
5189,2.8
5190,30
5191,92
5192,28
5193,18
5194,45
5195,180
5196,280
5197,40
5198,20
5199,0.45
5200,540
5201,3.84
5202,36
5203,15
5204,36
5205,36.3
5206,5
5207,200
5208,23
5209,3.4
5210,90
5211,32
5212,2359
5213,900
5214,32
5215,4.8
5216,18
5217,43.96
5218,27
5219,20.8792
5220,302
5221,30
5222,240
5223,8
5224,240
5225,42
5226,300
5227,4.8
5228,48
5229,2400
5230,24.96
5231,22
5232,26.8
5233,72
5234,3360
5235,7600
5236,1394.4
5237,8.7852
5238,32
5239,36
5240,8
5241,2300
5242,500
5243,25
5244,480
5245,24
5246,9
5247,78
5248,13
5249,24
5250,7
5251,84
5252,16
5253,32
5254,3
5255,70
5256,-7.2
5257,18
5258,25
5259,29
5260,45
5261,345
5262,202
5263,208
5264,0.3
5265,23
5266,4
5267,128.75
5268,2700
5269,10
5270,10
5271,10
5272,2
5273,32
5274,30
5275,32.5
5276,32
5277,729.44
5278,30%
5279,840
5280,15
5281,2.88
5282,92
5283,1920
5284,25
5285,249
5286,31.4
5287,31.4
5288,27.5
5289,3
5290,32
5291,15
5292,30.04
5293,21
5294,3.12
5295,30
5296,25
5297,3
5298,13.5
5299,900
5300,5
5301,80
5302,45
5303,40
5304,25
5305,54.72
5306,30
5307,388
5308,345
5309,400
5310,245
5311,7.2
5312,9
5313,18
5314,13
5315,48.5
5316,204
5317,210
5318,80
5319,2
5320,35
5321,24
5322,16
5323,19
5324,24.592
5325,320
5326,40
5327,20
5328,32
5329,45000
5330,270
5331,24
5332,4000
5333,379
5334,36
5335,7200
5336,300
5337,248.5
5338,24
5339,50
5340,900
5341,2400
5342,24
5343,1280
5344,37.68
5345,27900
5346,9
5347,300
5348,4
5349,200
5350,7040
5351,480
5352,249.8
5353,350
5354,10
5355,800
5356,13
5357,450
5358,8
5359,200000
5360,28
5361,3
5362,32
5363,280
5364,3
5365,40
5366,384000
5367,13
5368,394.88
5369,3.769785
5370,364.8
5371,27
5372,8000
5373,390
5374,2400
5375,40
5376,27.5
5377,30
5378,2490
5379,300
5380,2.4
5381,75
5382,240
5383,45720
5384,270
5385,70
5386,30
5387,1200
5388,8
5389,19
5390,13
5391,5.25
5392,0.9
5393,39
5394,24
5395,24.5
5396,200
5397,2400
5398,204
5399,28
5400,365
5401,200
5402,24
5403,270000
5404,20
5405,40
5406,704
5407,72
5408,6300
5409,27
5410,48
5411,20.5
5412,31
5413,137
5414,231.97
5415,2327.12
5416,72
5417,2904
5418,45.72
5419,480
5420,780
5421,2.5
5422,5000
5423,240
5424,3
5425,9
5426,300
5427,345600
5428,72
5429,180
5430,72
5431,32
5432,2400
5433,460
5434,20000
5435,37600
5436,450
5437,5.5
5438,2400
5439,30
5440,96
5441,24
5442,30
5443,270
5444,72
5445,1.2
5446,48
5447,2.4
5448,2.7
5449,34.8
5450,34.8
5451,48
5452,450.96
5453,420
5454,256
5455,26
5456,36
5457,398
5458,4
5459,200
5460,20
5461,25.12
5462,35
5463,254
5464,5
5465,240
5466,30
5467,3
5468,0.9
5469,3.07
5470,20
5471,3500
5472,3.788
5473,480
5474,2.4
5475,13
5476,78
5477,24
5478,360
5479,36000
5480,3840
5481,35
5482,4
5483,4
5484,0
5485,45
5486,58000000
5487,203
5488,21
5489,9
5490,52
5491,39
5492,10
5493,73
5494,90
5495,4
5496,180
5497,24
5498,350
5499,38
5500,3
5501,53
5502,15
5503,490
5504,2300
5505,70
5506,2
5507,2700
5508,300
5509,280
5510,9
5511,800
5512,24
5513,7
5514,230
5515,3
5516,300
5517,320
5518,370
5519,3090
5520,52
5521,288
5522,36000
5523,2040
5524,15
5525,900
5526,42
5527,137.5
5528,34.2
5529,2080
5530,30
5531,1500
5532,487
5533,48
5534,4
5535,25.072
5536,45000
5537,45
5538,1
5539,90
5540,9
5541,50
5542,36
5543,810
5544,3
5545,24
5546,40.8
5547,20
5548,3
5549,54
5550,900
5551,1409
5552,540
5553,5.75
5554,18
5555,3300
5556,27
5557,47.5
5558,8.5
5559,24
5560,40
5561,270
5562,4800
5563,480
5564,75
5565,32
5566,2.5
5567,30
5568,80000
5569,40
5570,3600
5571,35
5572,145.5
5573,18900
5574,24
5575,9
5576,2
5577,39.44
5578,27.6
5579,130
5580,29.2
5581,32
5582,74.24
5583,210
5584,90
5585,4
5586,27.5
5587,290
5588,290
5589,21
5590,2.5
5591,3600
5592,250
5593,43200
5594,31
5595,51
5596,90.5
5597,84
5598,20.5
5599,27000
5600,892
5601,47500
5602,240
5603,3
5604,32
5605,895
5606,380.5
5607,18
5608,840
5609,740
5610,420
5611,30
5612,396
5613,3.75
5614,74
5615,37.8
5616,4.592
5617,29200
5618,4.5
5619,74.5
5620,45.72
5621,30000
5622,28
5623,5
5624,252
5625,20
5626,37800
5627,2400
5628,450
5629,70
5630,250
5631,1089
5632,20.8
5633,2700
5634,24
5635,789.4
5636,27000
5637,4792
5638,41
5639,31
5640,3
5641,2792.4
5642,2304
5643,400
5644,85
5645,144
5646,8
5647,25.13
5648,240.5
5649,800
5650,72
5651,28.26
5652,5
5653,70
5654,2
5655,45
5656,700
5657,8
5658,50
5659,2.4
5660,480
5661,36
5662,72
5663,30
5664,20.25
5665,40
5666,4
5667,35.5
5668,30
5669,8
5670,70
5671,3.32
5672,270
5673,300
5674,960
5675,376.8
5676,2300
5677,20
5678,30
5679,300
5680,800
5681,38500
5682,78.5
5683,30
5684,36000
5685,2.8924
5686,30
5687,407
5688,359.2
5689,300
5690,20.5
5691,1920
5692,20
5693,720
5694,720
5695,840
5696,2250
5697,800
5698,15
5699,25.2
5700,20.88
5701,18
5702,45
5703,28
5704,25
5705,40
5706,29
5707,270
5708,18
5709,12940
5710,21.95
5711,37
5712,32
5713,800
5714,2.4
5715,27.84
5716,25
5717,12
5718,292
5719,20
5720,158
5721,37.68
5722,20
5723,20
5724,378
5725,55
5726,2.76
5727,3400
5728,3
5729,24
5730,10
5731,340
5732,2984
5733,209.2
5734,7290
5735,14
5736,251.2
5737,400
5738,2540
5739,405000
5740,8
5741,2.2
5742,15
5743,27
5744,200
5745,18
5746,452
5747,30
5748,2000
5749,20.89
5750,759
5751,932
5752,40
5753,270
5754,232
5755,45
5756,28
5757,26
5758,85
5759,8.4
5760,20
5761,0.75
5762,250
5763,35
5764,20
5765,24
5766,3472
5767,24
5768,360
5769,270
5770,40
5771,320
5772,225
5773,240
5774,12
5775,2400
5776,10
5777,300
5778,13.5
5779,13
5780,70
5781,20
5782,1560
5783,5
5784,3
5785,34000
5786,45
5787,10
5788,127500
5789,270
5790,810
5791,48
5792,4584
5793,9760
5794,400
5795,243
5796,278
5797,6
5798,3.2
5799,3.24
5800,252
5801,8
5802,45
5803,74.4
5804,4.8
5805,3
5806,24
5807,230
5808,80
5809,78.2
5810,24
5811,4.5
5812,8
5813,740
5814,308
5815,18
5816,27
5817,280
5818,2.7
5819,80
5820,2.4
5821,36
5822,4
5823,20
5824,34
5825,15
5826,200000
5827,24.5
5828,28
5829,3460.5
5830,2520
5831,2000
5832,78000
5833,7200
5834,27.4
5835,240
5836,251.2
5837,2.4
5838,27.85
5839,6.28
5840,30
5841,24
5842,30
5843,5
5844,80
5845,20.5
5846,23.2
5847,2400
5848,300
5849,49
5850,5
5851,17.9
5852,14.5
5853,960
5854,8
5855,1850
5856,9000
5857,400
5858,480
5859,9
5860,19
5861,0.8
5862,108.9
5863,582
5864,25
5865,3.48
5866,270
5867,45
5868,3.75
5869,3.48
5870,35
5871,18
5872,3520
5873,3
5874,30
5875,320
5876,28
5877,72
5878,2.5
5879,480
5880,24
5881,829
5882,39
5883,250
5884,14
5885,120
5886,30
5887,15
5888,400
5889,36
5890,32
5891,240
5892,300
5893,47.9
5894,3520
5895,12
5896,45
5897,0.9
5898,2016
5899,8
5900,6
5901,4
5902,4.5
5903,3.5
5904,3480
5905,85
5906,48
5907,3
5908,84
5909,9
5910,25
5911,29
5912,24
5913,27
5914,20
5915,10
5916,3
5917,8
5918,52
5919,20
5920,24
5921,8.5
5922,8
5923,18
5924,28
5925,42
5926,50
5927,3
5928,420
5929,1365
5930,20
5931,590
5932,6
5933,72
5934,42
5935,2
5936,43
5937,8
5938,15
5939,35
5940,12
5941,20
5942,10
5943,20
5944,20
5945,10
5946,10
5947,38
5948,42
5949,48
5950,5
5951,4
5952,12
5953,14
5954,9
5955,42
5956,27
5957,13
5958,54
5959,38
5960,20
5961,34
5962,36
5963,36
5964,20
5965,25
5966,12
5967,83
5968,27
5969,3
5970,53
5971,51
5972,24
5973,8
5974,4
5975,12
5976,84
5977,9
5978,2.4
5979,30
5980,9
5981,70
5982,24
5983,4
5984,22
5985,74
5986,30
5987,44
5988,30
5989,27
5990,47
5991,4
5992,25
5993,3
5994,27
5995,40
5996,4
5997,10.4
5998,9
5999,2
6000,18
6001,20
6002,25
6003,7
6004,38
6005,56
6006,27
6007,15
6008,73
6009,91
6010,25
6011,10
6012,20
6013,7
6014,36
6015,52
6016,27
6017,4
6018,4
6019,20
6020,39
6021,50
6022,22
6023,12
6024,30
6025,20
6026,50
6027,21
6028,29
6029,25
6030,55
6031,35
6032,73
6033,30
6034,90
6035,20
6036,45
6037,115
6038,81
6039,4
6040,95
6041,33
6042,25
6043,16
6044,32
6045,57
6046,34
6047,2
6048,90
6049,47
6050,13
6051,80
6052,45
6053,27
6054,31
6055,98
6056,33
6057,9
6058,45
6059,12
6060,45
6061,81
6062,20
6063,94
6064,40
6065,40
6066,13
6067,23
6068,7
6069,38
6070,17
6071,8
6072,32
6073,72
6074,26
6075,18
6076,4
6077,40
6078,20
6079,22.5
6080,8
6081,2
6082,27
6083,83
6084,27
6085,40
6086,32
6087,39
6088,30
6089,59
6090,40
6091,19
6092,172
6093,40
6094,44
6095,30
6096,20
6097,35
6098,45
6099,25
6100,8
6101,8
6102,14
6103,10
6104,20
6105,72
6106,31
6107,9
6108,6
6109,3
6110,38
6111,7
6112,20
6113,4
6114,3
6115,24
6116,27
6117,30
6118,30
6119,17
6120,4
6121,74
6122,44
6123,22
6124,42
6125,32
6126,18
6127,34
6128,23
6129,8
6130,6
6131,8
6132,16
6133,15
6134,18
6135,14
6136,27
6137,9
6138,15
6139,40.8
6140,27
6141,75
6142,132
6143,34
6144,27
6145,20
6146,98
6147,27
6148,308
6149,2
6150,2.4
6151,80
6152,78
6153,36
6154,84
6155,27
6156,2700
6157,149
6158,936
6159,588
6160,5
6161,32
6162,200
6163,6
6164,2.4
6165,2
6166,34
6167,4890
6168,504
6169,7200
6170,284
6171,39
6172,72
6173,1800
6174,15
6175,45
6176,290
6177,2400
6178,0.6
6179,7
6180,35.7
6181,3.03
6182,308
6183,382
6184,345
6185,422
6186,109
6187,4650
6188,904
6189,703
6190,239
6191,245
6192,400
6193,400
6194,245
6195,3440
6196,30
6197,2550
6198,1584
6199,18
6200,24
6201,21
6202,5.5
6203,36
6204,78.5
6205,30
6206,256
6207,30
6208,75
6209,20
6210,50
6211,82
6212,318
6213,39
6214,28
6215,2700
6216,849
6217,20
6218,32
6219,6
6220,72
6221,794
6222,829
6223,33
6224,28
6225,9
6226,232
6227,9
6228,12
6229,240
6230,1025
6231,219
6232,3
6233,220
6234,40
6235,2200
6236,56
6237,78
6238,49
6239,42
6240,1800
6241,50
6242,198
6243,4
6244,3
6245,1145
6246,294
6247,80
6248,209
6249,30
6250,5
6251,20
6252,280
6253,200
6254,72
6255,300
6256,80
6257,40
6258,4
6259,375
6260,20
6261,30
6262,15
6263,1439
6264,23
6265,30
6266,61
6267,8
6268,12.25
6269,540
6270,4000
6271,220
6272,700
6273,137
6274,30.7
6275,8000
6276,20
6277,89
6278,20
6279,10
6280,9
6281,340
6282,288
6283,30
6284,3.92
6285,0.045
6286,0.89
6287,24
6288,24
6289,24
6290,92
6291,230
6292,2.32
6293,2.7
6294,71.6
6295,54
6296,1200
6297,45
6298,77.72
6299,51.9
6300,7.4
6301,12
6302,305
6303,87
6304,48
6305,20
6306,2890
6307,315
6308,30
6309,56
6310,105
6311,20
6312,30
6313,20
6314,350
6315,45
6316,24
6317,30
6318,3300
6319,500
6320,250000
6321,16
6322,5400
6323,218
6324,3
6325,72
6326,24
6327,8750
6328,300
6329,3000
6330,5920
6331,1232
6332,830
6333,3240
6334,4800
6335,802
6336,200
6337,4500
6338,24
6339,25
6340,272
6341,80
6342,150
6343,308
6344,3296
6345,2.4
6346,9
6347,27
6348,96
6349,20
6350,3
6351,0
6352,19
6353,9
6354,800
6355,13
6356,28
6357,490
6358,1
6359,9
6360,90
6361,21
6362,29280
6363,45
6364,27
6365,27/100
6366,3.2
6367,24
6368,24700
6369,2090
6370,420
6371,18
6372,39.05
6373,13/15
6374,70
6375,90.7
6376,279
6377,852
6378,3.72
6379,20
6380,8
6381,4
6382,30
6383,2800
6384,24
6385,30
6386,1
6387,2400
6388,39.5
6389,4.8
6390,200
6391,0.6
6392,24
6393,20.7
6394,360
6395,45
6396,5600
6397,4.4
6398,3.9
6399,3948
6400,349
6401,200
6402,30
6403,9
6404,200
6405,800
6406,750
6407,1055
6408,340
6409,20000
6410,9000
6411,8.33
6412,1500
6413,21
6414,32
6415,294.38
6416,130.1
6417,34.4
6418,8760
6419,36
6420,540
6421,360
6422,3900
6423,30
6424,39
6425,6
6426,240
6427,270
6428,2
6429,28
6430,48
6431,20.8
6432,40
6433,480
6434,24
6435,240
6436,81
6437,360
6438,152
6439,6
6440,1200
6441,4
6442,800
6443,300
6444,40
6445,96.1
6446,0.82
6447,128.6
6448,24
6449,70
6450,201.344
6451,20
6452,38
6453,25
6454,34.25
6455,79.6
6456,900
6457,3.1
6458,48000
6459,540.96
6460,240
6461,3
6462,320
6463,340
6464,300
6465,2400
6466,10
6467,15
6468,8
6469,27
6470,30
6471,30
6472,20
6473,18
6474,10
6475,18
6476,20
6477,9
6478,20
6479,9
6480,42
6481,24
6482,24
6483,10362
6484,29
6485,390
6486,9
6487,14
6488,720
6489,9
6490,12
6491,120
6492,24
6493,21
6494,30
6495,32
6496,82
6497,3940.792
6498,27.3
6499,27.3
6500,24
6501,25
6502,30
6503,19.071429
6504,20
6505,600
6506,89
6507,360
6508,37
6509,16
6510,25
6511,70
6512,64
6513,205
6514,392
6515,9
6516,348
6517,154
6518,3.65
6519,3400
6520,13
6521,5920
6522,60
6523,0.41
6524,3
6525,12
6526,300
6527,39.5
6528,34.7
6529,90
6530,3580
6531,390.5
6532,32
6533,6
6534,4750
6535,270
6536,409
6537,3
6538,270
6539,82
6540,215
6541,15
6542,1380
6543,102
6544,27
6545,275.2
6546,3000
6547,20
6548,49
6549,300
6550,408
6551,3180
6552,590
6553,9
6554,14
6555,584
6556,133
6557,3600
6558,73
6559,20
6560,18
6561,6800
6562,4.05
6563,17
6564,888
6565,35
6566,26
6567,178
6568,2250
6569,72
6570,230
6571,45
6572,5400
6573,750
6574,30
6575,1908
6576,270
6577,50.92
6578,360
6579,8
6580,19
6581,1440
6582,85
6583,2400
6584,4
6585,90
6586,576
6587,30
6588,47.45
6589,14
6590,345.6
6591,1390
6592,200
6593,90
6594,900
6595,27
6596,80
6597,6.45
6598,2040
6599,2730
6600,304.8
6601,45
6602,45
6603,173
6604,32
6605,203
6606,18750
6607,360
6608,9.5
6609,18
6610,24
6611,2508
6612,4
6613,24
6614,292
6615,900
6616,776
6617,275
6618,42
6619,278
6620,4
6621,12
6622,3
6623,576
6624,396
6625,18000
6626,9400
6627,351
6628,600
6629,90
6630,820
6631,20.5
6632,24
6633,7
6634,300
6635,8.25
6636,45
6637,48
6638,24
6639,248800
6640,240
6641,30000
6642,4700
6643,30
6644,552
6645,200
6646,4450
6647,55680
6648,17420
6649,5
6650,254
6651,8
6652,32
6653,504
6654,52
6655,30.1
6656,24
6657,20
6658,280
6659,480
6660,30
6661,294
6662,30.4
6663,8
6664,825
6665,20
6666,43
6667,716
6668,95
6669,20
6670,1890
6671,1872
6672,18
6673,425
6674,135
6675,204
6676,20
6677,267
6678,3600
6679,350
6680,34.8
6681,3800
6682,132
6683,25
6684,10440
6685,36
6686,525
6687,3820
6688,735000
6689,756
6690,45
6691,52
6692,3
6693,520
6694,240
6695,56
6696,8
6697,705
6698,912
6699,0.3
6700,490
6701,720
6702,420
6703,23
6704,1210
6705,3
6706,18
6707,18
6708,2.148
6709,348
6710,15600
6711,8
6712,77
6713,28
6714,5
6715,9
6716,9
6717,27
6718,18
6719,23
6720,85
6721,3256
6722,300
6723,20
6724,2508
6725,3.08
6726,80
6727,2
6728,18
6729,6
6730,21
6731,33
6732,8
6733,12
6734,20
6735,24
6736,42
6737,89
6738,20
6739,106
6740,8
6741,25
6742,7
6743,22
6744,12
6745,7
6746,2
6747,3
6748,20
6749,22
6750,11
6751,24
6752,29
6753,35
6754,36
6755,90
6756,37
6757,8
6758,39
6759,27
6760,35
6761,25
6762,26
6763,20
6764,4
6765,38
6766,4
6767,70
6768,26
6769,26
6770,24
6771,24
6772,20
6773,60
6774,30
6775,2
6776,20
6777,27
6778,0.8
6779,17
6780,3
6781,25
6782,45
6783,43
6784,9
6785,72
6786,40
6787,40
6788,8
6789,57
6790,107
6791,9
6792,52
6793,89
6794,9
6795,70
6796,38
6797,9
6798,59
6799,15
6800,24
6801,34
6802,270
6803,29
6804,44
6805,84
6806,40
6807,70
6808,12
6809,20
6810,57
6811,14
6812,80
6813,70
6814,49
6815,47
6816,9
6817,28
6818,73
6819,99
6820,19
6821,11
6822,59
6823,23
6824,3
6825,20
6826,48
6827,48
6828,12
6829,28
6830,39
6831,101
6832,57
6833,14
6834,38
6835,40
6836,36
6837,20
6838,36
6839,5
6840,5
6841,35
6842,8
6843,8
6844,19
6845,10
6846,3
6847,19
6848,2
6849,18
6850,14
6851,17
6852,9
6853,9
6854,360
6855,37
6856,18
6857,12
6858,35.92
6859,238
6860,1220
6861,50
6862,32
6863,8220
6864,80
6865,4
6866,20
6867,90%
6868,480
6869,340
6870,32
6871,232
6872,9000
6873,1500
6874,3200
6875,144
6876,25
6877,5
6878,260
6879,32
6880,36
6881,3000
6882,108
6883,18
6884,240
6885,200
6886,34
6887,732
6888,40
6889,24.5
6890,48
6891,54
6892,34
6893,975
6894,0.12
6895,290
6896,384
6897,2800
6898,251.4
6899,2400
6900,36
6901,2
6902,2400
6903,14
6904,2
6905,170
6906,20.8
6907,42
6908,29
6909,1250
6910,73
6911,300
6912,45
6913,95%
6914,92%
6915,2
6916,37.68
6917,240
6918,43.2
6919,38.88
6920,304
6921,300
6922,0.03
6923,27
6924,300
6925,24
6926,12
6927,4500
6928,30.792
6929,1944
6930,3640.5
6931,4.5
6932,30
6933,90
6934,0.9
6935,15
6936,27
6937,30
6938,12
6939,4
6940,80
6941,240
6942,25
6943,110
6944,12.5
6945,28
6946,3.75
6947,4
6948,20
6949,45
6950,40
6951,39.428715
6952,780
6953,27
6954,20.5
6955,27
6956,24
6957,4.8
6958,8
6959,25.12
6960,70
6961,720
6962,7500
6963,256
6964,2.5
6965,38.4
6966,30
6967,240.8
6968,4
6969,24
6970,30
6971,24
6972,30
6973,10
6974,24
6975,24
6976,15
6977,9
6978,96
6979,96
6980,20
6981,20
6982,2850
6983,7200
6984,9
6985,30
6986,385
6987,35
6988,112
6989,25
6990,3600
6991,9200
6992,48
6993,30
6994,270
6995,31200
6996,4800
6997,0.48
6998,7.5
6999,340
7000,24
7001,2
7002,2
7003,20
7004,256
7005,24
7006,400
7007,200
7008,0.35
7009,4.8
7010,20
7011,28.27
7012,200
7013,90
7014,20
7015,3496
7016,45000000
7017,3
7018,33440
7019,3900
7020,30
7021,205.78
7022,40
7023,72
7024,10
7025,24
7026,360
7027,2.534
7028,40
7029,2560
7030,45
7031,30
7032,12.5
7033,18
7034,30
7035,32
7036,2.5
7037,8.5%
7038,259.2
7039,495
7040,2.4
7041,780
7042,500
7043,390
7044,15
7045,9
7046,220
7047,40
7048,80
7049,2
7050,15
7051,1234.8
7052,18
7053,13.2
7054,28
7055,240
7056,9.432158
7057,19.5
7058,0.48
7059,280
7060,95%
7061,20
7062,21.7
7063,4.32
7064,20.5
7065,3.7
7066,400
7067,2.4
7068,18
7069,20
7070,24.96
7071,4
7072,130
7073,30
7074,80
7075,18
7076,840
7077,80
7078,409
7079,0.375
7080,25.2
7081,225
7082,250
7083,1400
7084,24
7085,18
7086,184
7087,0.8
7088,20
7089,30
7090,84
7091,30
7092,15
7093,384
7094,24
7095,240
7096,24
7097,39.75
7098,28.26
7099,0
7100,45
7101,3800
7102,30420
7103,3
7104,9
7105,54
7106,392.5
7107,3000
7108,20
7109,75
7110,4/5
7111,35
7112,34.125
7113,8
7114,20.932727
7115,45
7116,2560
7117,251.44
7118,3840
7119,408
7120,19
7121,2059.4
7122,2400
7123,84
7124,32
7125,7
7126,900
7127,42.5
7128,32
7129,240
7130,3.14
7131,4
7132,32
7133,40
7134,250
7135,23
7136,240
7137,38
7138,40
7139,72
7140,4.02
7141,3.944
7142,270
7143,9
7144,8.5
7145,20
7146,95%
7147,30
7148,2
7149,20
7150,27
7151,3.6
7152,700
7153,2
7154,36
7155,2000
7156,239000
7157,39
7158,25.7
7159,2.4
7160,50
7161,3750
7162,34
7163,32
7164,480
7165,2.4
7166,270
7167,256
7168,400.5
7169,28.8
7170,24
7171,12
7172,208
7173,40%
7174,20%
7175,2.89
7176,25
7177,200
7178,245
7179,280
7180,37.68
7181,24.75
7182,1400
7183,3330
7184,27
7185,95
7186,24
7187,960
7188,13
7189,28
7190,194
7191,24
7192,225
7193,93288.8
7194,6200
7195,5.08
7196,4800
7197,144
7198,37
7199,27
7200,24
7201,27
7202,5200
7203,390
7204,2
7205,72
7206,258
7207,8
7208,7200
7209,358
7210,189
7211,0.92
7212,30
7213,15
7214,40
7215,81
7216,800
7217,30.7721
7218,20.94
7219,802
7220,8
7221,2128
7222,20
7223,11%
7224,300
7225,200
7226,4.8
7227,13
7228,24
7229,4
7230,20%
7231,270
7232,30
7233,8
7234,13
7235,135
7236,24.7
7237,20
7238,24
7239,21
7240,3.5
7241,130
7242,48
7243,300
7244,3
7245,630000
7246,30
7247,3.2
7248,168
7249,2400
7250,3600
7251,7
7252,72
7253,216
7254,0.0025
7255,79
7256,47900
7257,200
7258,2540
7259,204
7260,20
7261,75
7262,27000
7263,90
7264,208
7265,25
7266,72
7267,3520
7268,2.5
7269,340
7270,3.768
7271,47
7272,32
7273,280
7274,27
7275,270
7276,400
7277,225
7278,2800
7279,40000000
7280,40
7281,85
7282,240
7283,9
7284,3
7285,30
7286,20.8
7287,2.3333
7288,12
7289,100
7290,72
7291,4500
7292,30
7293,90
7294,900
7295,24.5
7296,480
7297,30
7298,272
7299,40.4
7300,45
7301,59/80
7302,240
7303,480
7304,14300
7305,20
7306,36
7307,750
7308,300
7309,2.4
7310,7000
7311,20
7312,2140
7313,240
7314,92.7
7315,72
7316,20
7317,25.12
7318,308.8
7319,491.2
7320,2
7321,24
7322,230
7323,800
7324,30.5
7325,11.25
7326,3200
7327,2.4
7328,4800
7329,8
7330,3
7331,2.4
7332,10
7333,400
7334,3000
7335,300
7336,37800
7337,39.44
7338,13
7339,3852
7340,4.715
7341,50
7342,25
7343,2.7
7344,240
7345,45
7346,48.9
7347,340.8
7348,37.68
7349,24
7350,30
7351,42
7352,70
7353,80
7354,300
7355,352
7356,20.94
7357,74
7358,2
7359,49
7360,20
7361,940
7362,510
7363,12
7364,30
7365,807
7366,3000
7367,3900
7368,360
7369,19
7370,20.8
7371,4
7372,720
7373,64
7374,20
7375,25
7376,15/8
7377,5.2088
7378,32
7379,810
7380,3800
7381,320
7382,3040
7383,8
7384,8
7385,389.44
7386,254.144
7387,200
7388,2.592
7389,13.25
7390,19
7391,2.5
7392,48
7393,3140.52
7394,200
7395,850
7396,2350
7397,76
7398,24
7399,30
7400,18
7401,18
7402,4.25
7403,24
7404,2
7405,3400
7406,2.5
7407,20
7408,10720
7409,210
7410,37.2
7411,3
7412,20
7413,80
7414,30
7415,4
7416,3.42
7417,92.4
7418,19
7419,2
7420,34
7421,2.4
7422,15
7423,18
7424,209
7425,30
7426,27
7427,18
7428,240
7429,3600
7430,92%
7431,450
7432,31
7433,4
7434,38.8
7435,240
7436,72
7437,7.2
7438,50
7439,22.5
7440,2240
7441,11
7442,190
7443,2.88
7444,37.5
7445,24
7446,3.5
7447,180
7448,8400
7449,9000
7450,8
7451,240
7452,35.5
7453,200
7454,2
7455,24
7456,30%
7457,24
7458,3.44
7459,24
7460,528
7461,3600
7462,38
7463,350
7464,9.7
7465,240
7466,380
7467,32000
7468,125000
7469,25
7470,3140
7471,0.784
7472,40
7473,0.45
7474,153
7475,9
7476,800
7477,3
7478,31
7479,2.56
7480,7
7481,30.5
7482,230
7483,900
7484,3400
7485,36
7486,504
7487,27
7488,40
7489,12000
7490,20
7491,2157
7492,24
7493,210
7494,90
7495,20
7496,4.8
7497,450
7498,0
7499,45
7500,48.99
7501,20
7502,360
7503,3000
7504,2100
7505,173
7506,20
7507,968
7508,20
7509,125
7510,12
7511,496
7512,2850
7513,30
7514,82
7515,275
7516,39
7517,230
7518,9
7519,2.4
7520,1480
7521,304.8
7522,2700
7523,24
7524,744
7525,384
7526,7400
7527,3600000
7528,13
7529,13
7530,360
7531,30
7532,4
7533,720
7534,2480
7535,57
7536,98
7537,14
7538,48
7539,18.4
7540,98
7541,380.5
7542,6120
7543,30.5
7544,25
7545,960
7546,28
7547,34.12
7548,450
7549,27000
7550,13
7551,472
7552,270
7553,70
7554,28
7555,4200
7556,18
7557,18000000
7558,36
7559,3.6
7560,30
7561,9
7562,180
7563,25
7564,20
7565,432
7566,59
7567,5
7568,4900
7569,3240
7570,14
7571,10
7572,3.72
7573,24
7574,30000
7575,0.4
7576,24
7577,34.128
7578,40.85
7579,3/4
7580,240
7581,80
7582,31
7583,27
7584,15000000
7585,90000000
7586,30
7587,20
7588,20
7589,22
7590,25
7591,20
7592,20
7593,2
7594,2
7595,3072
7596,28
7597,20
7598,72
7599,24
7600,36
7601,30
7602,2048.32
7603,24
7604,30
7605,96
7606,2.592
7607,2000
7608,32
7609,23
7610,270
7611,2.8
7612,74
7613,40
7614,24
7615,3
7616,2
7617,8
7618,27
7619,30
7620,20
7621,9
7622,20
7623,9
7624,1
7625,720
7626,256
7627,137.5
7628,8.98
7629,0.8
7630,4.06
7631,2
7632,288
7633,270
7634,45
7635,90
7636,96
7637,18.5
7638,38
7639,84
7640,23.76
7641,0.4
7642,29/20
7643,15
7644,80
7645,20.5
7646,8.3
7647,24
7648,1/2
7649,2/5
7650,920
7651,2790
7652,0.003
7653,3.2
7654,96
7655,1920
7656,7/8
7657,48
7658,24
7659,19.68
7660,3840
7661,32.8
7662,2/7
7663,3/4
7664,4
7665,0.4
7666,45
7667,4750
7668,12
7669,20
7670,24
7671,150
7672,18
7673,20
7674,9
7675,505
7676,24
7677,1008
7678,2.5
7679,234.5
7680,243
7681,3808
7682,750
7683,8
7684,450
7685,25
7686,400
7687,109
7688,29/35
7689,36
7690,1782
7691,24
7692,828
7693,2
7694,3
7695,5340
7696,8.4
7697,30
7698,9
7699,24
7700,15
7701,50
7702,9
7703,9.5
7704,13.35
7705,13.4
7706,3045
7707,200
7708,28
7709,39
7710,360
7711,4/15
7712,3
7713,0.75
7714,3
7715,42
7716,42
7717,70.04
7718,20
7719,32
7720,21
7721,9.384
7722,9
7723,50
7724,1350
7725,30
7726,1/5
7727,24.2
7728,54
7729,40
7730,70
7731,8840
7732,23.5
7733,0.3
7734,240
7735,315
7736,20.5
7737,10
7738,70
7739,27
7740,18
7741,584
7742,36
7743,85
7744,280
7745,800
7746,25
7747,24
7748,204
7749,30
7750,3
7751,700
7752,0
7753,2850
7754,3
7755,3.08
7756,35
7757,720
7758,240
7759,25
7760,4
7761,13.4
7762,2200
7763,24
7764,9
7765,22.5
7766,9
7767,30000
7768,4.3
7769,20.8
7770,39
7771,2865
7772,30
7773,750
7774,48
7775,280
7776,2540
7777,24
7778,2.3
7779,225
7780,20
7781,450
7782,4
7783,420
7784,224
7785,15
7786,19
7787,720
7788,4500
7789,15000
7790,423.5
7791,24
7792,250
7793,3/7
7794,5
7795,10
7796,80
7797,24
7798,120
7799,720
7800,270
7801,200
7802,4000
7803,2/3
7804,30
7805,24
7806,3
7807,111
7808,42.25
7809,24
7810,3.2
7811,40
7812,3
7813,30
7814,3
7815,30
7816,4/5
7817,20
7818,20
7819,2800
7820,2.089952
7821,0
7822,4216
7823,372
7824,9
7825,39
7826,7
7827,5/9
7828,5120
7829,45
7830,32
7831,300
7832,24
7833,15
7834,27.05
7835,20
7836,25/24
7837,20
7838,720
7839,15
7840,84
7841,2/5
7842,4
7843,20
7844,245
7845,2
7846,8.6
7847,300
7848,45
7849,190
7850,708
7851,25
7852,470
7853,8
7854,16
7855,5/2
7856,4
7857,2.3
7858,48
7859,300
7860,24
7861,20
7862,384
7863,4
7864,12.7
7865,4
7866,840
7867,19
7868,2.5
7869,2
7870,900
7871,3/4
7872,966
7873,14.2
7874,28
7875,50
7876,8.4
7877,7
7878,80
7879,13
7880,3/8
7881,150
7882,37.5
7883,4/3
7884,3/5
7885,0.88
7886,96
7887,30
7888,54
7889,300
7890,30
7891,2.3
7892,24
7893,3000
7894,489
7895,208
7896,102375.4
7897,15
7898,300
7899,12
7900,12
7901,7
7902,8
7903,20
7904,4.02
7905,5
7906,20
7907,30
7908,2.5
7909,2/7
7910,16
7911,10
7912,32
7913,53.72
7914,4800
7915,3/16
7916,4
7917,96
7918,40
7919,864
7920,23/20
7921,240
7922,1
7923,3
7924,9
7925,216
7926,150
7927,720
7928,20
7929,360
7930,20
7931,48
7932,4/5
7933,30
7934,39
7935,7/8
7936,2/5
7937,3
7938,64000000
7939,9
7940,9
7941,3
7942,2/5
7943,18
7944,800
7945,25
7946,8
7947,16
7948,180
7949,32
7950,24
7951,24
7952,45
7953,18
7954,127
7955,86
7956,9
7957,3640
7958,2.5
7959,240
7960,0.75
7961,2.25
7962,29
7963,200
7964,2000
7965,24
7966,3
7967,36
7968,2508
7969,27
7970,240
7971,7
7972,230.4
7973,20
7974,7.5
7975,280
7976,72
7977,800
7978,3
7979,9
7980,29
7981,340
7982,20
7983,3840
7984,30
7985,250
7986,18
7987,300
7988,480
7989,14400
7990,270
7991,240
7992,4
7993,1200
7994,203
7995,18.5
7996,30
7997,7840
7998,2/3
7999,40
