id,ret
0,4200.08
1,85
2,15
3,17
4,8
5,1560
6,600
7,1
8,8.8
9,39
10,51
11,1050
12,130
13,56
14,81
15,81724
16,17
17,55.7
18,345
19,11.4
20,18
21,8.75
22,154
23,56
24,554
25,16
26,24
27,48
28,3.14
29,1950
30,2.12
31,480
32,48
33,540
34,90
35,20
36,429
37,16
38,1
39,94
40,200
41,36
42,25
43,750
44,48
45,14
46,140
47,288
48,860
49,1916
50,920
51,9
52,54000
53,2840
54,1496
55,180
56,464
57,83125
58,10240
59,4
60,15
61,1191
62,1300
63,540
64,7964
65,594
66,3.33%
67,400
68,5840
69,645
70,9
71,518.4
72,6480
73,7/8
74,225
75,9.6
76,752
77,8/15
78,144
79,514
80,5.04
81,280
82,7
83,1416
84,205
85,40%
86,119
87,72
88,4454
89,598
90,219.44
91,120
92,24
93,7850
94,1446
95,416.625
96,4
97,48
98,9
99,264
100,1444.96
101,10099
102,819.64
103,9
104,18
105,39
106,7/9
107,2000
108,104.7
109,9
110,7/5
111,1800
112,4648
113,170
114,9
115,594
116,29340
117,5333
118,96
119,1242
120,2.54
121,12.5
122,359.2
123,57
124,
125,99%
126,440
127,7
128,151
129,940
130,11/9
131,7141
132,20
133,8
134,9600
135,29
136,995
137,8000
138,12
139,942
140,290
141,400
142,192
143,55
144,784
145,356
146,9
147,7200
148,14400
149,9
150,24/81
151,469
152,35
153,199
154,4000
155,1
156,27
157,666.6666666666666
158,84
159,2700
160,30
161,4
162,5.3
163,9.44
164,32
165,9450
166,58
167,35
168,17
169,4320
170,3
171,18
172,2000
173,24
174,3/40
175,78
176,22560
177,10
178,48
179,94
180,4
181,94.97
182,16
183,27
184,7/15
185,702.5
186,5000
187,48
188,154
189,7.5
190,73.5
191,902.4
192,10495
193,960
194,800
195,411.2
196,592
197,76.592
198,450
199,176
200,950
201,894
202,18
203,7/15
204,32
205,56
206,7/9
207,7
208,176
209,46842
210,2.4
211,61.89
212,46890
213,75984.48
214,14
215,662500
216,80
217,17
218,126048.32
219,400
220,5
221,333
222,40
223,16
224,100
225,1632
226,102
227,18
228,0.857143
229,192
230,190
231,593
232,3625
233,207
234,1086
235,195
236,1275
237,46500
238,3/18
239,140
240,1
241,23800
242,21
243,4950
244,4416
245,3/5
246,96
247,19/24
248,1590
249,11
250,27.271778788777777
251,15
252,7454.55
253,11400
254,2400
255,4000
256,15360
257,125
258,1594
259,5
260,2745
261,540
262,50
263,72
264,18
265,28
266,59/24
267,560
268,24
269,19
270,2500
271,101964
272,75
273,18
274,564
275,18450
276,491
277,12
278,48
279,22400
280,904.8
281,34
282,0
283,736
284,194
285,24
286,2400
287,659
288,186
289,1357.5
290,718
291,6
292,2
293,468
294,19
295,79
296,2400
297,3
298,4
299,894
300,204
301,19
302,26
303,18
304,10144
305,947.75
306,36
307,24
308,36
309,20
310,448
311,2700
312,3.15
313,5/7
314,12
315,270
316,4
317,3672
318,90
319,20
320,19
321,435
322,7/8
323,9
324,7/20
325,4
326,8100
327,185.75
328,260
329,72
330,14852.35
331,524000
332,16000
333,300
334,4/7
335,1944448
336,37
337,5736
338,3.2
339,1000
340,14.4
341,100
342,20.14
343,9
344,525
345,80
346,48
347,8
348,4225
349,15
350,48
351,640
352,4350
353,1211
354,96
355,598
356,83.5
357,9.44
358,2.5
359,8
360,7536
361,9200
362,2500
363,9
364,17.5
365,540
366,47/140
367,24
368,7
369,599
370,150
371,1442
372,8
373,7
374,46
375,9450
376,1459
377,720
378,4499
379,9
380,70
381,49
382,3/10
383,765600
384,79525
385,92.666
386,72
387,90.49
388,200
389,20
390,3
391,1260
392,768
393,750
394,205.376
395,90
396,4500
397,9
398,7392
399,19
400,93
401,136
402,1044
403,9
404,1540
405,32
406,15
407,11/15
408,8
409,4
410,9
411,9
412,75/89
413,800
414,10
415,524
416,345
417,72
418,19860
419,480
420,37/45
421,540
422,333
423,9
424,16.8
425,2
426,330
427,3200
428,149
429,1500
430,248
431,1220
432,16
433,174
434,124480
435,75
436,5184
437,44
438,7.15
439,8400
440,3/4
441,174
442,425
443,92
444,64
445,378
446,3/10
447,0.21
448,21
449,1920
450,1378
451,34
452,0.06
453,4.05
454,30
455,133
456,10800
457,1760
458,76
459,495
460,36
461,480
462,23
463,4944
464,9
465,297
466,270
467,444
468,11
469,30
470,5
471,72
472,352
473,251.33
474,7
475,9
476,1499
477,942
478,1920
479,243
480,44
481,533
482,79/60
483,60
484,95
485,140
486,24
487,540
488,13
489,10964
490,3.5333
491,96
492,256
493,44.8
494,1440
495,2248.4
496,3600
497,7200
498,40
499,1316
500,152
501,590
502,450
503,5
504,1225
505,639
506,15
507,241
508,991960
509,7.2
510,13200
511,9
512,40
513,9
514,144
515,1000
516,1566
517,0.54
518,2/3
519,350
520,4
521,11
522,3125
523,855
524,8
525,400
526,220
527,74.67
528,30
529,2
530,80
531,2
532,75
533,109.7
534,3
535,45000
536,0
537,12
538,7
539,72
540,192
541,75000
542,216
543,4200
544,6
545,450
546,4.49
547,56
548,9.44
549,96
550,13580
551,94.97
552,214
553,7
554,1520
555,900
556,25
557,27
558,75.39
559,9.4032
560,14.2
561,9
562,18
563,56
564,86
565,90
566,24500
567,70
568,192
569,1800
570,74
571,18.4
572,13875.04
573,36
574,9000
575,48.699999999999996
576,4
577,0.88
578,750
579,720
580,800
581,3
582,578.9
583,96
584,18
585,9
586,15
587,9
588,11
589,3920
590,79
591,16
592,72
593,3.14
594,9
595,94.97
596,0.36
597,293
598,960
599,27000
600,4324
601,1
602,57
603,32
604,21
605,31/50
606,320
607,3
608,4
609,174
610,900000000
611,9
612,94
613,5.4
614,13.6
615,94400
616,49.95
617,30
618,12560
619,1
620,99.4
621,1100
622,128
623,104
624,299
625,8
626,960
627,180
628,710
629,72
630,18
631,1
632,12
633,2000
634,960
635,34.19%
636,0.9
637,0.75
638,94%
639,54
640,104.8
641,49
642,40
643,32
644,4800
645,22
646,9
647,56
648,21900000
649,96
650,210
651,90
652,7
653,9
654,95.73%
655,49
656,90
657,92%
658,15
659,95%
660,12
661,1200
662,950.4
663,0.957142
664,96
665,1315.35
666,50000
667,793
668,10
669,7544
670,144
671,910
672,34
673,94
674,11.25
675,96%
676,9.4
677,7
678,95.19%
679,96%
680,9.44
681,0
682,840
683,450
684,18
685,94
686,968
687,180
688,36
689,95
690,150
691,960
692,287.5
693,9
694,12
695,426
696,76
697,20
698,29/40
699,60
700,72
701,192
702,9
703,168
704,9
705,9
706,95.71%
707,5/8
708,48
709,294
710,10480
711,78
712,0
713,7.5
714,25
715,200
716,4800000
717,96
718,72
719,64
720,5
721,8.97696
722,129.4
723,440
724,240
725,42.5
726,460
727,87
728,24
729,400
730,720
731,90
732,72
733,95
734,44
735,1875
736,9
737,12.5
738,99
739,160
740,0.95
741,7.2
742,7/8
743,0
744,275
745,2800
746,80
747,9.5
748,26
749,272
750,4
751,80
752,90
753,112
754,280
755,750
756,9
757,96
758,15
759,9600
760,904.8
761,9.44
762,90.49
763,94
764,78
765,120
766,8976.96
767,5.92
768,2000
769,90
770,469
771,120
772,93
773,193.5
774,94500
775,18
776,7544
777,720
778,619.2
779,4
780,7
781,89600
782,78400
783,36
784,1176
785,1584
786,75.36
787,9
788,340
789,240
790,0.92
791,729
792,1900
793,70
794,106.02
795,1900
796,24
797,90
798,2
799,1200
800,153
801,114
802,72
803,72
804,94
805,11.4
806,200
807,104
808,9
809,72
810,7.8
811,27
812,44
813,943.2
814,12
815,
816,1484
817,49
818,8
819,84
820,71
821,120
822,88
823,35
824,9.4032
825,135000
826,1860
827,96
828,3600
829,24
830,512.5
831,460
832,75
833,6
834,86
835,2480
836,70
837,96
838,96
839,22
840,80
841,9
842,16
843,5368
844,546
845,194
846,24
847,42
848,48
849,18
850,960
851,1170
852,29
853,34
854,360
855,0.9
856,9
857,1144
858,18
859,36
860,70
861,180
862,13.2
863,23./28
864,0
865,8
866,9
867,41
868,18.099999
869,15
870,77.84
871,942
872,9
873,59.76
874,28
875,34
876,14250
877,8.75%
878,7.144
879,3.14%
880,160
881,340
882,45
883,157.5
884,29
885,74
886,944
887,755.68
888,22
889,22
890,18
891,2916
892,112.8
893,42.9
894,440
895,9
896,210
897,29
898,72
899,24000
900,1200
901,191400
902,4.779
903,450
904,9
905,900
906,180
907,18900000
908,27
909,9.44
910,15
911,9.3
912,900
913,13
914,2.34
915,3950
916,2
917,942
918,75.36
919,2.9
920,80
921,3
922,8
923,99%
924,40
925,144
926,95%
927,97.5
928,12
929,14.1
930,9000
931,3000
932,32
933,75399.24999999999
934,9
935,350
936,45
937,360
938,7.88
939,74
940,56
941,72
942,219
943,56
944,17
945,40
946,176
947,6
948,270
949,36
950,0.36
951,8
952,184
953,262.5
954,300
955,14
956,16
957,36000
958,100
959,13000000
960,2.25
961,7
962,640
963,41525
964,16
965,5
966,9
967,440
968,90
969,3/40
970,945.67
971,9
972,1396
973,942
974,41
975,36
976,70
977,32
978,77.68
979,865
980,114.34
981,7/60
982,309
983,449
984,3.57%
985,50
986,784
987,45
988,8
989,91
990,14
991,12840
992,939
993,1036
994,11.4%
995,24480
996,75%
997,94.2
998,54
999,2/5
1000,94.2
1001,2800
1002,568
1003,45
1004,9
1005,80%
1006,100
1007,8
1008,97488
1009,27/4
1010,7
1011,215
1012,50
1013,120%
1014,25
1015,4
1016,9
1017,24
1018,750
1019,9
1020,4
1021,116.67%
1022,175%
1023,75.6
1024,90
1025,7200000
1026,19500
1027,37.5
1028,443
1029,48
1030,39
1031,199.4
1032,28
1033,18
1034,96
1035,216
1036,7.2
1037,45
1038,4400
1039,144
1040,3.5
1041,4400
1042,1.5
1043,7.5
1044,48.35
1045,288
1046,3/4
1047,10
1048,52979
1049,360
1050,75
1051,15
1052,720
1053,9
1054,2400
1055,100
1056,4.8
1057,724.8
1058,31/40
1059,4.096
1060,789
1061,41.6
1062,4.69
1063,4
1064,36
1065,20
1066,29
1067,72
1068,30
1069,45
1070,45
1071,15
1072,72
1073,1038
1074,31./54
1075,984
1076,42
1077,234
1078,0.6
1079,76
1080,96000
1081,117
1082,30
1083,3
1084,130000000
1085,10.4
1086,9/20
1087,480
1088,
1089,48
1090,180
1091,45
1092,7500
1093,96
1094,26944
1095,74.89
1096,1440
1097,7/8
1098,270
1099,80
1100,29/35
1101,24
1102,5144
1103,45
1104,945
1105,0.65
1106,154.3
1107,24
1108,9.6
1109,16
1110,18
1111,2
1112,28.8
1113,150.0%
1114,3400
1115,490
1116,0
1117,9
1118,9
1119,14
1120,15
1121,30
1122,18
1123,27
1124,59
1125,7640
1126,90
1127,9.6
1128,7
1129,0.15
1130,0.9244
1131,44
1132,42
1133,4850
1134,192
1135,45
1136,36.08
1137,25
1138,2880
1139,296
1140,4800
1141,18
1142,24
1143,180
1144,5
1145,72
1146,900
1147,5784
1148,80
1149,7.392
1150,710
1151,940
1152,40
1153,770
1154,12
1155,150
1156,29
1157,9
1158,968
1159,48
1160,21
1161,4
1162,72
1163,45
1164,9550
1165,9
1166,49
1167,20
1168,798.4
1169,8
1170,118.39%
1171,1440
1172,2
1173,2.875
1174,9
1175,0.95
1176,18
1177,12
1178,47600
1179,44
1180,48
1181,459600
1182,18
1183,44
1184,494
1185,200
1186,7
1187,536
1188,5760
1189,944
1190,75000
1191,750
1192,2700
1193,55000
1194,36
1195,25%
1196,15
1197,80
1198,944
1199,94.24
1200,180
1201,1.5
1202,14.35
1203,35%
1204,51.04
1205,8
1206,79
1207,79
1208,9
1209,7
1210,4900
1211,9
1212,2499
1213,85%
1214,478
1215,94400
1216,90
1217,24
1218,24
1219,3/4
1220,95%
1221,45
1222,9
1223,189.94
1224,16/15
1225,30
1226,471.24
1227,7840
1228,27
1229,270
1230,16
1231,16
1232,54
1233,96
1234,90
1235,47.1459
1236,91
1237,90
1238,5
1239,7
1240,48
1241,18
1242,960
1243,48
1244,249
1245,355
1246,270
1247,79
1248,78
1249,240
1250,39
1251,95
1252,35
1253,14
1254,36
1255,8
1256,48
1257,58
1258,24
1259,12
1260,73
1261,27
1262,76
1263,300
1264,24
1265,36
1266,6
1267,3
1268,147
1269,28
1270,25
1271,53
1272,30
1273,19
1274,57
1275,12
1276,112
1277,15
1278,150
1279,24
1280,54
1281,51
1282,113
1283,72
1284,56
1285,42
1286,54
1287,35
1288,27
1289,244
1290,23
1291,20
1292,26
1293,10
1294,39
1295,7
1296,140
1297,300
1298,8
1299,6
1300,6
1301,20
1302,6
1303,7
1304,12.5
1305,11
1306,5
1307,5
1308,10
1309,19
1310,25
1311,54
1312,4
1313,344
1314,16
1315,14
1316,71
1317,9
1318,9
1319,89
1320,5
1321,144
1322,90
1323,55
1324,244
1325,32
1326,54
1327,7
1328,4392
1329,9
1330,54
1331,14
1332,540
1333,39
1334,3
1335,155
1336,549
1337,36
1338,54
1339,7
1340,63
1341,144
1342,3
1343,8
1344,24
1345,142
1346,50
1347,39
1348,324
1349,29
1350,7
1351,88
1352,249
1353,60
1354,21
1355,99
1356,57
1357,1080
1358,1280
1359,210
1360,768
1361,7360
1362,16000
1363,7/15
1364,36
1365,4
1366,9
1367,9
1368,94240
1369,81
1370,24
1371,27
1372,310
1373,60
1374,39.25
1375,140
1376,95000
1377,5314
1378,18240
1379,180
1380,7.34
1381,942
1382,1800
1383,564
1384,360
1385,7.55
1386,16
1387,9
1388,180
1389,5.4
1390,46
1391,36
1392,480000
1393,15
1394,40
1395,16
1396,40
1397,144
1398,90
1399,7648
1400,8
1401,450
1402,5760
1403,30
1404,40
1405,9
1406,13
1407,24
1408,1219
1409,3
1410,99
1411,944
1412,9000
1413,44
1414,7840
1415,720
1416,1947
1417,9
1418,425
1419,39
1420,60
1421,28.1
1422,36.55
1423,7.1
1424,4000
1425,36
1426,9
1427,8
1428,84
1429,8
1430,9
1431,24
1432,36
1433,218
1434,100
1435,49.16
1436,216
1437,181.44
1438,19.45
1439,24000
1440,16
1441,4
1442,940
1443,184
1444,36
1445,8
1446,450
1447,2400
1448,0.45
1449,4
1450,22
1451,72
1452,720
1453,2397
1454,240
1455,240
1456,109
1457,192
1458,44
1459,6
1460,3612
1461,5600
1462,1448
1463,46
1464,34
1465,210
1466,51
1467,440
1468,9
1469,9.44
1470,138
1471,46
1472,16
1473,96
1474,42
1475,14
1476,450
1477,78400
1478,72
1479,32
1480,0.592
1481,1396480
1482,10
1483,72
1484,79./119.
1485,2
1486,14
1487,24
1488,24
1489,56
1490,9
1491,27
1492,180
1493,9125
1494,48
1495,62.45
1496,7
1497,9
1498,22.91
1499,38540
1500,762.5
1501,9
1502,240
1503,9
1504,945
1505,81
1506,87
1507,88
1508,13.4
1509,4320
1510,945
1511,443
1512,51200
1513,900
1514,48
1515,944
1516,36
1517,6.5
1518,11388
1519,48
1520,60
1521,56
1522,990
1523,937500
1524,94
1525,3
1526,1400
1527,36
1528,96
1529,8980
1530,310
1531,54
1532,4
1533,187.5
1534,3448
1535,4
1536,9
1537,12
1538,0.05
1539,720
1540,128
1541,753.6
1542,28
1543,180
1544,9
1545,96
1546,120
1547,20
1548,9
1549,14
1550,3000
1551,48
1552,3400
1553,21000
1554,18
1555,7536
1556,753.6
1557,7
1558,16
1559,7.5
1560,1600
1561,9
1562,90
1563,72
1564,9400
1565,24
1566,960
1567,24
1568,1593.33
1569,10
1570,3500
1571,4.8
1572,31.4
1573,40
1574,88
1575,945
1576,75600
1577,7.9
1578,350
1579,210
1580,125
1581,64000
1582,12500
1583,400
1584,494
1585,2400
1586,330
1587,9
1588,92
1589,128
1590,83
1591,288
1592,48
1593,700
1594,40
1595,27364
1596,46.8
1597,31.41%
1598,96
1599,176
1600,48
1601,576
1602,30
1603,4000
1604,4
1605,7.84%
1606,7560
1607,210
1608,24
1609,7.88
1610,942.4999999999999
1611,942.4999999999999
1612,210
1613,192
1614,72
1615,56
1616,551
1617,90
1618,75
1619,480
1620,55
1621,48
1622,96
1623,1200
1624,96
1625,767
1626,24
1627,250
1628,0
1629,15
1630,2400
1631,35
1632,81
1633,3
1634,7250
1635,7200
1636,9
1637,27
1638,9
1639,4
1640,444
1641,9.28
1642,352
1643,960
1644,55.96
1645,20
1646,48
1647,6
1648,279
1649,18
1650,1770
1651,9
1652,72
1653,10
1654,0.95
1655,8736
1656,30
1657,1500
1658,99
1659,84.6
1660,244
1661,9
1662,2.5
1663,44
1664,7.68
1665,23
1666,24
1667,660
1668,625
1669,1.25
1670,3/20
1671,5
1672,2800
1673,52
1674,70
1675,270
1676,270
1677,3
1678,48
1679,2000
1680,99.33
1681,3600
1682,20
1683,1200
1684,3
1685,12
1686,149
1687,780
1688,942
1689,90
1690,720
1691,640000000
1692,3
1693,75
1694,756.69
1695,240
1696,10.4
1697,9
1698,21
1699,9
1700,37
1701,40
1702,8.06
1703,6.6
1704,36
1705,0.2
1706,24
1707,7
1708,448
1709,10
1710,480
1711,3400
1712,780
1713,280
1714,240
1715,36
1716,4
1717,450
1718,36
1719,3200
1720,34
1721,41.5928
1722,18
1723,288
1724,73.6996
1725,49
1726,27
1727,94.24
1728,16
1729,36750
1730,3
1731,9.5
1732,2484
1733,77
1734,80
1735,90
1736,840
1737,220
1738,910
1739,9648
1740,17
1741,42
1742,72
1743,1480
1744,120
1745,84
1746,192
1747,94.2
1748,24
1749,3600
1750,490
1751,1900
1752,18
1753,1.94
1754,9
1755,45
1756,54
1757,3600
1758,3140
1759,75
1760,11
1761,96
1762,150.14
1763,284
1764,9
1765,900
1766,25
1767,45
1768,36
1769,16
1770,9
1771,2400
1772,2700
1773,642
1774,24
1775,240
1776,720
1777,250
1778,15400
1779,972
1780,160
1781,10
1782,1175
1783,1800
1784,76
1785,14
1786,7
1787,5
1788,13928
1789,64
1790,4500
1791,250
1792,72
1793,109440
1794,6
1795,23
1796,6
1797,295
1798,36
1799,2790
1800,440
1801,3/7
1802,3360
1803,360
1804,250
1805,1256
1806,72000
1807,128
1808,180
1809,15
1810,4536
1811,36
1812,946.41
1813,925
1814,9
1815,189
1816,9
1817,3
1818,2490
1819,72
1820,7964
1821,54
1822,948
1823,17
1824,7448
1825,2422
1826,75
1827,4
1828,48
1829,18920
1830,40
1831,15
1832,768
1833,5119
1834,1564
1835,942.4
1836,58457
1837,10
1838,32
1839,4
1840,78
1841,3
1842,32
1843,3
1844,164
1845,43.96
1846,27.75
1847,594
1848,16
1849,3000
1850,81840
1851,79.44
1852,95
1853,1359
1854,3
1855,10
1856,1920
1857,2850000
1858,180
1859,97
1860,72
1861,9.9
1862,112
1863,12
1864,9
1865,9
1866,1395
1867,8
1868,19
1869,736
1870,63300
1871,200
1872,5400
1873,5120
1874,9.463065756
1875,14
1876,72
1877,59
1878,540
1879,18
1880,7.024
1881,4.77
1882,9
1883,5944
1884,1164
1885,23
1886,28
1887,7
1888,1800
1889,19
1890,16
1891,51.2%
1892,288
1893,94.97
1894,187.5
1895,96
1896,3
1897,1
1898,18
1899,28
1900,36
1901,27
1902,720
1903,1.84
1904,9
1905,96
1906,4320
1907,904
1908,72
1909,7.5
1910,4410
1911,2594
1912,12
1913,9
1914,0.148
1915,180
1916,18
1917,22
1918,15
1919,576
1920,12
1921,1440
1922,9
1923,4944
1924,14
1925,776
1926,72
1927,1152
1928,15
1929,90.96
1930,20
1931,114.32
1932,160
1933,540
1934,88200
1935,18
1936,189
1937,776
1938,64
1939,8
1940,144
1941,3.2
1942,314
1943,1600
1944,120.7
1945,8
1946,2933
1947,95
1948,24
1949,70
1950,44
1951,7
1952,9
1953,14.6
1954,3
1955,4900
1956,95
1957,2193
1958,94.22
1959,74
1960,19.2
1961,0.4
1962,3940
1963,8
1964,34960
1965,91.3333333333
1966,559
1967,480
1968,9.54
1969,89
1970,4465
1971,28.2
1972,27
1973,0.49999
1974,9
1975,41
1976,96
1977,90
1978,180
1979,13.5
1980,450
1981,9
1982,93.2
1983,27.4
1984,9
1985,840
1986,450
1987,3
1988,60
1989,9922000
1990,201
1991,8
1992,8950
1993,462.5
1994,28
1995,4605
1996,9.43
1997,12
1998,9.4
1999,40
2000,24
2001,784
2002,24
2003,504
2004,16
2005,90
2006,235
2007,885
2008,996
2009,621
2010,0.42
2011,24
2012,850
2013,4
2014,6
2015,810
2016,18
2017,9.4
2018,30
2019,900
2020,130
2021,48
2022,180
2023,960
2024,150
2025,7.12
2026,270
2027,72
2028,12
2029,15%
2030,40%
2031,5
2032,125
2033,48
2034,259200
2035,2325
2036,6480
2037,480
2038,384
2039,8
2040,9.6
2041,37.68
2042,31400
2043,14
2044,3
2045,14
2046,360
2047,30
2048,13
2049,10
2050,2820
2051,5797
2052,216
2053,48576
2054,40
2055,2
2056,54
2057,900
2058,18
2059,125000
2060,150
2061,197
2062,5415
2063,33.8
2064,36
2065,150
2066,5400
2067,9600
2068,7.065975
2069,315
2070,99
2071,180
2072,3000
2073,4.8
2074,74
2075,192
2076,2800
2077,5
2078,216
2079,2000
2080,3.37
2081,22
2082,35
2083,35
2084,9
2085,440
2086,4784
2087,72
2088,45
2089,1800
2090,128
2091,18
2092,20000
2093,4500
2094,960
2095,56920
2096,314
2097,72
2098,8
2099,4.5
2100,4200
2101,140000
2102,9.44
2103,73.579
2104,96
2105,34
2106,7.56
2107,72
2108,25800
2109,2464
2110,20
2111,60
2112,248
2113,15.96
2114,72
2115,622
2116,150
2117,234
2118,3140
2119,736
2120,9
2121,888.8
2122,942.4
2123,7.0625
2124,0
2125,9
2126,930
2127,99
2128,2444
2129,90
2130,12
2131,1500
2132,18
2133,519
2134,9
2135,9800
2136,7
2137,87
2138,17
2139,12
2140,9
2141,8
2142,6
2143,10
2144,314
2145,14
2146,13392
2147,400
2148,8
2149,90
2150,753.6
2151,75.36
2152,7.5
2153,314
2154,99
2155,7
2156,9
2157,120
2158,27
2159,1.8
2160,28
2161,480
2162,564
2163,18
2164,10
2165,75
2166,2488
2167,7340
2168,99
2169,6
2170,15
2171,12
2172,9.5%
2173,12657.9
2174,9
2175,48%
2176,91.85%
2177,8
2178,512
2179,180
2180,9144.19
2181,1800
2182,711
2183,7
2184,25944
2185,280
2186,13.45
2187,4410
2188,29680
2189,30000
2190,270
2191,27
2192,400
2193,576
2194,3
2195,3400
2196,24
2197,9.4
2198,94.5
2199,12.5
2200,980
2201,304
2202,5400
2203,114400
2204,7
2205,7
2206,24
2207,144
2208,14
2209,230
2210,496
2211,256
2212,400
2213,7200
2214,1
2215,32
2216,13
2217,2720
2218,14
2219,14
2220,118141
2221,2445
2222,495
2223,33
2224,9.84
2225,450
2226,48
2227,240
2228,72
2229,4100
2230,753.6
2231,5
2232,9
2233,72
2234,7.6
2235,21.956
2236,36
2237,299
2238,94
2239,2000
2240,1500
2241,900
2242,96
2243,5684
2244,45
2245,2.89
2246,89
2247,19
2248,96
2249,750
2250,45600
2251,72
2252,394
2253,36
2254,5760
2255,18
2256,48
2257,55000
2258,256
2259,17
2260,480
2261,24%
2262,31%
2263,53.9
2264,7
2265,33
2266,9024
2267,72
2268,11
2269,72
2270,9.8
2271,95
2272,97.6
2273,99
2274,25
2275,1484
2276,1784
2277,480
2278,4
2279,7
2280,360
2281,1260
2282,1550
2283,5450
2284,33568
2285,198
2286,17
2287,9
2288,9
2289,140
2290,75
2291,180
2292,180
2293,60
2294,21
2295,78.4
2296,36
2297,79
2298,9.44
2299,314
2300,94
2301,9
2302,300
2303,30
2304,2
2305,9
2306,96
2307,9
2308,9
2309,8
2310,8
2311,7
2312,72
2313,5400
2314,3600
2315,40
2316,3044
2317,944
2318,18
2319,92
2320,3
2321,72
2322,192
2323,2.44
2324,75
2325,1000
2326,1437
2327,68
2328,75
2329,15
2330,90
2331,89
2332,0.4
2333,5905
2334,0.02
2335,300
2336,54
2337,5
2338,541
2339,18
2340,9.44
2341,14440
2342,7.2
2343,15
2344,3/8
2345,94
2346,514
2347,96
2348,48
2349,2990
2350,180
2351,30
2352,240
2353,24
2354,45
2355,300
2356,99448.8
2357,60.5
2358,145
2359,2123
2360,0.55
2361,12
2362,448
2363,8
2364,4764
2365,1800
2366,9
2367,9.46
2368,480
2369,14
2370,70
2371,15
2372,3.6792
2373,9
2374,480
2375,44
2376,16
2377,17
2378,9
2379,3.8
2380,90
2381,8
2382,8.125
2383,592
2384,785
2385,244
2386,240
2387,1534
2388,14
2389,3
2390,15
2391,72000
2392,21000000
2393,54000
2394,24
2395,14
2396,184
2397,19
2398,540
2399,20%
2400,9.9
2401,84
2402,0.2
2403,4
2404,5320
2405,14
2406,50
2407,2.1
2408,92
2409,7.3
2410,8
2411,94.2
2412,6
2413,12
2414,9
2415,280
2416,36
2417,280
2418,94
2419,20
2420,240
2421,1440
2422,8
2423,4.5
2424,7.65
2425,942
2426,32
2427,9
2428,90
2429,18
2430,19
2431,9.6
2432,3.5
2433,8
2434,90
2435,18
2436,78.1
2437,512
2438,19
2439,12
2440,4.5
2441,249
2442,36
2443,9
2444,7
2445,8
2446,90
2447,985
2448,14
2449,18940
2450,16500
2451,30
2452,9.6
2453,942
2454,95
2455,23
2456,45%
2457,1920
2458,36
2459,942.4
2460,90
2461,6
2462,2
2463,35
2464,71400
2465,90
2466,71.888
2467,24
2468,29
2469,960
2470,72
2471,54
2472,9
2473,360000
2474,3
2475,80000
2476,10
2477,35
2478,9
2479,90
2480,15
2481,84
2482,8.6
2483,9
2484,94.24
2485,600
2486,24
2487,2444
2488,24
2489,8
2490,27
2491,12
2492,19
2493,14
2494,86441.90436
2495,439
2496,15
2497,144000
2498,32
2499,94
2500,490
2501,497
2502,5400
2503,30
2504,87.5%
2505,8
2506,14/5
2507,7.5
2508,480
2509,72
2510,990
2511,9
2512,2940
2513,1
2514,11.72
2515,80
2516,4
2517,7.544
2518,47.14
2519,9
2520,99.45
2521,5944
2522,21.98
2523,2/1
2524,24
2525,9644.8
2526,24
2527,480
2528,27
2529,84
2530,18
2531,3
2532,25
2533,288
2534,9
2535,9
2536,320
2537,216
2538,4400
2539,180
2540,27
2541,6
2542,10
2543,2
2544,975
2545,36
2546,1176
2547,9.6
2548,800
2549,112
2550,18
2551,4
2552,540
2553,50%
2554,9
2555,7
2556,294
2557,92.89929969399395
2558,7
2559,160
2560,84%
2561,40
2562,19.2
2563,9
2564,84
2565,3780
2566,86
2567,48
2568,24
2569,564
2570,180
2571,3420
2572,15
2573,9
2574,40
2575,30
2576,8
2577,187
2578,9.42
2579,7360
2580,944.4
2581,15
2582,24
2583,52
2584,3
2585,16000
2586,54
2587,9
2588,20
2589,24
2590,2.4
2591,29
2592,2995
2593,74
2594,270
2595,12
2596,180
2597,21
2598,36
2599,96
2600,75
2601,36400
2602,42000
2603,39.6
2604,1536
2605,36
2606,36
2607,12000000
2608,320
2609,29
2610,72
2611,9
2612,13448
2613,11250
2614,30
2615,14
2616,496
2617,2250
2618,4500
2619,14
2620,95%
2621,3
2622,3/11
2623,7
2624,5
2625,14.14
2626,499.2
2627,90
2628,80%
2629,192
2630,540
2631,9
2632,4800
2633,75
2634,76
2635,90
2636,9
2637,964.48
2638,28
2639,9
2640,24
2641,21
2642,14
2643,96
2644,54
2645,192
2646,94
2647,48
2648,90
2649,360
2650,9
2651,9
2652,9
2653,600
2654,270
2655,9.6
2656,8
2657,8
2658,9
2659,5.27
2660,72
2661,4
2662,7
2663,48000
2664,900
2665,960
2666,3.896
2667,0.995
2668,188
2669,24
2670,12
2671,440
2672,9500
2673,29
2674,10
2675,35
2676,18
2677,3
2678,744
2679,384.8
2680,31
2681,9
2682,28000/40
2683,4599999600
2684,2
2685,196400
2686,40%
2687,400000
2688,84
2689,7
2690,144
2691,17600
2692,1
2693,4
2694,19.079999999999995
2695,12
2696,94.97
2697,530
2698,13
2699,72
2700,17
2701,14
2702,1200
2703,100
2704,194.8
2705,250
2706,7
2707,28
2708,10
2709,942
2710,280
2711,11
2712,74.4
2713,7200
2714,2
2715,470
2716,75.68
2717,300
2718,36
2719,25
2720,194000
2721,1416
2722,208000
2723,974
2724,20320
2725,36
2726,54
2727,92
2728,7544
2729,21
2730,139
2731,3750
2732,14
2733,200
2734,225
2735,30
2736,9
2737,1000
2738,9
2739,56
2740,7
2741,15
2742,3
2743,2090
2744,19.2
2745,90
2746,975
2747,14
2748,225
2749,4096
2750,9
2751,7
2752,1000
2753,3.333333
2754,9
2755,640
2756,7.2
2757,540
2758,54
2759,0.384
2760,2
2761,1890
2762,18
2763,360
2764,115.3636
2765,29.3
2766,14
2767,9
2768,1539
2769,9
2770,4
2771,942
2772,9
2773,76
2774,90
2775,24
2776,70
2777,14
2778,72
2779,344
2780,4
2781,22
2782,99
2783,4
2784,4500
2785,7
2786,960
2787,76
2788,532
2789,9
2790,13
2791,2
2792,36
2793,96
2794,8
2795,4
2796,45.07
2797,19.25
2798,9.4
2799,9
2800,9
2801,144
2802,9
2803,100
2804,588
2805,246
2806,240
2807,4
2808,225
2809,16
2810,3840
2811,1440
2812,160
2813,9
2814,768
2815,314
2816,32
2817,5400
2818,2
2819,420
2820,3.14
2821,990
2822,4400
2823,9
2824,27
2825,45
2826,24000
2827,9
2828,125
2829,16
2830,30
2831,72
2832,2
2833,72
2834,354
2835,10
2836,27
2837,1344
2838,2400
2839,40%
2840,96
2841,8
2842,9
2843,72
2844,1.4
2845,72
2846,120
2847,48
2848,756
2849,1414
2850,7.2
2851,16
2852,72
2853,320
2854,45
2855,10%
2856,29
2857,28
2858,3
2859,24
2860,11050
2861,320
2862,14
2863,3.75
2864,64
2865,24
2866,14
2867,40
2868,45.74
2869,1000
2870,144
2871,900
2872,1149
2873,3
2874,48
2875,750
2876,9
2877,45%
2878,910
2879,32
2880,4
2881,18000
2882,96%
2883,40
2884,20
2885,77
2886,20
2887,31.4
2888,3640
2889,39120
2890,8150
2891,1350
2892,9
2893,9
2894,270
2895,80%
2896,32
2897,599
2898,2450
2899,1250
2900,18
2901,537
2902,149
2903,15
2904,15
2905,114
2906,9.44
2907,64
2908,48
2909,480
2910,4
2911,14
2912,5051
2913,54
2914,9
2915,96
2916,19
2917,501.299193877993
2918,25
2919,735
2920,450
2921,32
2922,4
2923,6600
2924,3
2925,7.999
2926,11964
2927,9
2928,2340
2929,16
2930,12400
2931,10
2932,784
2933,8
2934,94
2935,942
2936,8
2937,87.06
2938,8
2939,94.289
2940,1890000
2941,256
2942,942
2943,78
2944,75
2945,94.2
2946,400
2947,200
2948,49
2949,150
2950,49.19
2951,4.47
2952,72
2953,95
2954,500
2955,0.05
2956,3
2957,16
2958,10
2959,45
2960,8
2961,90
2962,85
2963,480
2964,16
2965,20
2966,80
2967,90
2968,90
2969,420
2970,36
2971,24.44
2972,180
2973,15
2974,5.6
2975,3
2976,8.4
2977,125.6
2978,164
2979,40
2980,9
2981,99.12%
2982,9
2983,960
2984,9600
2985,430
2986,7.44
2987,24
2988,140
2989,250
2990,1.6
2991,0.16
2992,47.15
2993,189.6
2994,5400
2995,48
2996,440
2997,194
2998,18
2999,25
3000,25
3001,240
3002,365
3003,714.89
3004,2
3005,45
3006,22.5
3007,21
3008,1267.2
3009,769.2
3010,942
3011,220
3012,412480
3013,1494
3014,4.192
3015,150
3016,8
3017,900
3018,96
3019,54
3020,42
3021,20
3022,1280
3023,120
3024,36
3025,48
3026,72
3027,9750
3028,9600
3029,1440
3030,9
3031,7344
3032,27
3033,18
3034,8
3035,840
3036,1440
3037,9
3038,35%
3039,8000
3040,942
3041,3
3042,3
3043,9
3044,240
3045,9
3046,99
3047,1680
3048,18
3049,36
3050,2.4
3051,94
3052,48
3053,7
3054,21
3055,45
3056,400
3057,3
3058,920
3059,544.8
3060,9375
3061,832
3062,904.8
3063,84
3064,280
3065,25
3066,5760000
3067,81
3068,14
3069,8
3070,80
3071,5544
3072,333.33%
3073,84
3074,5.6
3075,96
3076,90
3077,94200
3078,90
3079,37.5
3080,42
3081,84
3082,5
3083,4.71
3084,54
3085,9
3086,928
3087,20
3088,90
3089,96
3090,98%
3091,99
3092,18
3093,468
3094,193.4
3095,19.68
3096,97
3097,1000
3098,942
3099,75
3100,2.354
3101,343/1000
3102,300
3103,99.6
3104,27
3105,90
3106,72
3107,315
3108,150
3109,16
3110,2000
3111,180
3112,144
3113,240
3114,264
3115,2.4
3116,540
3117,1599
3118,93
3119,44
3120,560
3121,468
3122,2250
3123,18
3124,18
3125,480
3126,1800
3127,34
3128,9
3129,76
3130,8450
3131,72
3132,9.435789
3133,4.9
3134,9420
3135,56
3136,471.99
3137,471.9996
3138,800
3139,74
3140,3.2%
3141,5400
3142,25
3143,27
3144,8
3145,764
3146,5
3147,36
3148,1.1
3149,94.8
3150,20
3151,48
3152,9
3153,320
3154,5.8
3155,9
3156,9.6
3157,0.48
3158,48
3159,9
3160,7760
3161,200
3162,18480
3163,35%
3164,1.848
3165,24
3166,9
3167,42
3168,14
3169,4
3170,72
3171,16
3172,48
3173,9
3174,17
3175,976
3176,1581
3177,19
3178,568
3179,9
3180,2544
3181,36.3
3182,7.4
3183,0.3
3184,7920
3185,364
3186,5.57
3187,2914
3188,9944
3189,18
3190,36
3191,495
3192,288
3193,360
3194,7200
3195,75
3196,52
3197,51200
3198,1800
3199,4740
3200,170
3201,144
3202,18000
3203,560
3204,189
3205,9
3206,240
3207,134.4
3208,74.32
3209,315
3210,108
3211,49
3212,72
3213,8
3214,9
3215,150
3216,972
3217,4444444
3218,5
3219,150
3220,76
3221,35
3222,9
3223,380
3224,360
3225,875
3226,120
3227,1/3
3228,325
3229,9
3230,2540
3231,432
3232,360
3233,1896
3234,77
3235,7560
3236,994
3237,3425
3238,325
3239,705
3240,70
3241,55475
3242,1554
3243,1364
3244,12800
3245,120
3246,1920
3247,397.5
3248,2984
3249,18000
3250,420
3251,11
3252,75
3253,1200
3254,9
3255,75
3256,3
3257,3
3258,16
3259,4.8
3260,2594
3261,8
3262,2
3263,14.6
3264,17
3265,19
3266,94
3267,542
3268,135
3269,1244
3270,450
3271,24
3272,297
3273,7
3274,111
3275,252
3276,168
3277,45.8
3278,12.8
3279,1250
3280,784
3281,18564
3282,18
3283,224
3284,1824
3285,75.4
3286,28
3287,27
3288,984
3289,3000
3290,560
3291,218
3292,12
3293,14
3294,299.5
3295,27
3296,900
3297,25
3298,880
3299,149
3300,7.5
3301,297
3302,5928
3303,8
3304,199
3305,12
3306,1157
3307,647
3308,171
3309,53
3310,148
3311,1300
3312,544
3313,9
3314,14
3315,9
3316,315
3317,1065
3318,419
3319,3
3320,220
3321,54
3322,5500
3323,16.5
3324,5520
3325,7.5
3326,540
3327,225
3328,375
3329,36
3330,36
3331,360
3332,750
3333,7200
3334,468
3335,180
3336,5490.916666666666
3337,9
3338,5472
3339,1440
3340,40
3341,15924
3342,198
3343,32
3344,97
3345,24
3346,1440
3347,24
3348,9600
3349,54
3350,14
3351,24.5
3352,29
3353,44
3354,39
3355,2650
3356,1096
3357,1800
3358,80
3359,194
3360,3300
3361,3168
3362,176
3363,240
3364,350
3365,40
3366,79.5
3367,360
3368,18
3369,36
3370,4500
3371,29940
3372,4368
3373,45
3374,744
3375,120
3376,9
3377,11900
3378,96
3379,32
3380,36
3381,14572
3382,519
3383,1740
3384,5744
3385,246
3386,244
3387,15
3388,36
3389,9
3390,1098
3391,1344
3392,960
3393,720
3394,53
3395,190
3396,142
3397,735
3398,225
3399,690
3400,755
3401,115
3402,135
3403,42
3404,27
3405,27
3406,73
3407,720
3408,90
3409,24
3410,80
3411,14
3412,276
3413,4185
3414,444
3415,240
3416,13
3417,18
3418,16
3419,1784
3420,52
3421,294
3422,514
3423,18390
3424,14884
3425,5
3426,464800
3427,4692
3428,84
3429,18
3430,4
3431,46.125
3432,549
3433,8
3434,245
3435,49.16
3436,9
3437,22
3438,449
3439,58
3440,9
3441,240
3442,90
3443,45
3444,9100
3445,594
3446,800
3447,4.5
3448,90
3449,1152
3450,9800
3451,2944
3452,5200
3453,44
3454,9
3455,238
3456,5
3457,54.4
3458,70
3459,7
3460,484
3461,3
3462,15
3463,7840
3464,59
3465,7
3466,170
3467,360
3468,1419.55
3469,2
3470,4.5
3471,9
3472,9.1
3473,5140
3474,24
3475,900
3476,39
3477,9
3478,16
3479,720
3480,965
3481,9
3482,34
3483,9
3484,4800
3485,96
3486,7.5
3487,9
3488,2436
3489,72
3490,15
3491,288
3492,80
3493,597
3494,92.5
3495,30
3496,24
3497,9.6
3498,9
3499,24
3500,12
3501,16
3502,224
3503,4800
3504,4000
3505,3140
3506,7
3507,45
3508,975
3509,40960
3510,1800
3511,3960
3512,10
3513,9375
3514,21.75
3515,7200
3516,1168
3517,72
3518,125
3519,5250
3520,192
3521,12
3522,36
3523,9
3524,72
3525,1375
3526,2700
3527,750000
3528,9
3529,194
3530,340
3531,7
3532,2.6
3533,274
3534,10
3535,4
3536,137
3537,6
3538,192
3539,564
3540,48
3541,19400
3542,12645
3543,2895
3544,8.75
3545,18
3546,9
3547,159644
3548,512
3549,1600
3550,145
3551,15
3552,12
3553,4550
3554,205
3555,648
3556,474
3557,7
3558,500000
3559,2200
3560,594
3561,2950
3562,852
3563,9
3564,184400
3565,144
3566,8
3567,5385
3568,15168
3569,440
3570,14
3571,14
3572,20
3573,35
3574,24
3575,8
3576,57
3577,24
3578,14
3579,15
3580,48000
3581,54
3582,15
3583,8.8
3584,360
3585,2
3586,16
3587,3944
3588,21840
3589,89
3590,3675
3591,58
3592,18
3593,9
3594,91
3595,49200
3596,279
3597,15
3598,27
3599,27
3600,99
3601,949680
3602,74
3603,4950
3604,9375
3605,960
3606,80
3607,9
3608,24
3609,25
3610,27
3611,11
3612,25944
3613,840
3614,10935
3615,32
3616,736
3617,112
3618,256
3619,275
3620,274
3621,9
3622,450
3623,49
3624,9
3625,15000
3626,720
3627,96
3628,792
3629,210
3630,640
3631,1120
3632,784
3633,5440
3634,3575
3635,175
3636,140
3637,549
3638,16
3639,590
3640,1474
3641,7
3642,1144
3643,57400
3644,3.45
3645,37
3646,48
3647,24540
3648,9
3649,5400
3650,20
3651,27
3652,54
3653,3400
3654,784
3655,72
3656,284
3657,115.5
3658,240
3659,1920
3660,9
3661,54500
3662,9
3663,36
3664,18
3665,93
3666,293
3667,238
3668,900
3669,2592
3670,2840
3671,17592
3672,11
3673,80
3674,34.5
3675,304
3676,48740
3677,102
3678,5.7
3679,54844
3680,360
3681,7440
3682,9
3683,30
3684,7.5
3685,232
3686,1848
3687,4000
3688,1000
3689,4896
3690,44100
3691,48
3692,14
3693,48.66666666667
3694,1398
3695,5184
3696,94
3697,5
3698,92500
3699,146
3700,155920000
3701,2400
3702,4600
3703,2
3704,2790
3705,27
3706,4500
3707,144
3708,57
3709,54
3710,2.4
3711,204
3712,182400
3713,21
3714,540
3715,7944
3716,14000
3717,444
3718,94
3719,1484
3720,4.5
3721,468
3722,975
3723,54
3724,94500
3725,23
3726,44
3727,90
3728,11
3729,48
3730,27500
3731,734
3732,240
3733,196
3734,534
3735,475
3736,143.333333
3737,7872
3738,5920
3739,0
3740,9375
3741,30000
3742,564
3743,9924
3744,90
3745,4500
3746,212
3747,5
3748,750
3749,18
3750,572
3751,120
3752,100
3753,1920
3754,11944
3755,360
3756,14
3757,346
3758,3928
3759,4000
3760,1864000
3761,497
3762,544
3763,12
3764,192
3765,13
3766,3
3767,2170
3768,300
3769,12
3770,54
3771,2160
3772,1080
3773,7
3774,570
3775,17
3776,14000
3777,8
3778,74350
3779,9
3780,5496
3781,36
3782,10
3783,840
3784,45
3785,50
3786,17900
3787,192
3788,414
3789,439
3790,14.33333333
3791,3434
3792,294
3793,64
3794,1412
3795,1094.4
3796,96
3797,36
3798,59.5
3799,984
3800,880
3801,97
3802,9340
3803,16
3804,9
3805,96
3806,1934
3807,1544
3808,54
3809,7
3810,90
3811,24
3812,48
3813,40
3814,750
3815,9
3816,667
3817,15
3818,45
3819,36
3820,189000
3821,30
3822,36
3823,5
3824,600
3825,13.5
3826,12
3827,72
3828,1956
3829,17740
3830,569
3831,8.6592
3832,169600
3833,10
3834,180
3835,432
3836,768
3837,29
3838,55
3839,21944
3840,180
3841,1196
3842,48
3843,31932
3844,3
3845,8
3846,9
3847,576
3848,96
3849,4400
3850,397
3851,96
3852,440
3853,48
3854,2520
3855,500
3856,2880
3857,294
3858,495
3859,93.75
3860,996
3861,96
3862,140
3863,969
3864,468
3865,106500
3866,3448
3867,375
3868,608
3869,2500
3870,9
3871,40
3872,21
3873,5688
3874,30
3875,7680
3876,34
3877,120
3878,544
3879,2800
3880,7.92
3881,3
3882,48
3883,47
3884,15
3885,4.5
3886,72
3887,72
3888,96
3889,7200000
3890,48
3891,8
3892,1.962
3893,54
3894,8
3895,36
3896,390
3897,39
3898,15
3899,27
3900,20
3901,15
3902,28
3903,14400
3904,9
3905,75
3906,144
3907,56
3908,90
3909,4.8
3910,415
3911,14
3912,91
3913,240
3914,16994
3915,59044
3916,2100
3917,40
3918,16800
3919,324
3920,300
3921,1470
3922,462
3923,27
3924,6800
3925,400
3926,6.5
3927,540
3928,400
3929,240
3930,744
3931,4.08
3932,100
3933,344
3934,1915
3935,50
3936,1356
3937,57
3938,783
3939,7834
3940,594
3941,1187
3942,10
3943,768
3944,7.84
3945,9
3946,1594
3947,14
3948,90
3949,7
3950,795
3951,4320
3952,7
3953,1089
3954,462
3955,1600
3956,23864
3957,30
3958,72
3959,36
3960,180
3961,18
3962,96
3963,375
3964,5484
3965,94
3966,32
3967,15
3968,432
3969,24
3970,16
3971,90
3972,953
3973,232
3974,40
3975,2.25
3976,9
3977,20
3978,18
3979,96
3980,20
3981,4649
3982,8
3983,360
3984,7.5
3985,2450
3986,49.5
3987,14
3988,360
3989,280
3990,2840
3991,9
3992,29280
3993,99
3994,2400
3995,217
3996,36
3997,74
3998,80
3999,27
4000,49
4001,45
4002,940
4003,1556
4004,7352
4005,90
4006,99
4007,39
4008,540
4009,540
4010,540
4011,9
4012,324
4013,30
4014,150
4015,24
4016,15
4017,201
4018,18.4
4019,18.4
4020,20
4021,5.4
4022,9
4023,19440
4024,14
4025,8800
4026,2994
4027,24
4028,160
4029,9
4030,24
4031,54
4032,45
4033,4800
4034,27
4035,9
4036,9
4037,720
4038,58840
4039,744
4040,90.4
4041,375
4042,25
4043,990
4044,18
4045,2840
4046,1940
4047,7200
4048,33
4049,288
4050,192
4051,3
4052,440
4053,9
4054,72
4055,360
4056,18
4057,996
4058,297
4059,27
4060,96
4061,8310
4062,480
4063,753
4064,9
4065,348
4066,243
4067,1760
4068,45
4069,712
4070,9.6
4071,7500
4072,139
4073,444.4
4074,9800
4075,592
4076,9
4077,2
4078,27
4079,300
4080,18
4081,72
4082,913
4083,1696
4084,27
4085,1260
4086,116
4087,14424
4088,320
4089,24
4090,40
4091,930
4092,211.5
4093,40
4094,7200
4095,4984
4096,9
4097,9
4098,794
4099,19640
4100,45
4101,950
4102,800
4103,900
4104,189
4105,3024
4106,36
4107,576
4108,736
4109,27.375
4110,8
4111,5
4112,7
4113,37.125
4114,39440
4115,90
4116,9
4117,24
4118,18
4119,7950
4120,11
4121,7
4122,48
4123,8
4124,25
4125,90
4126,72000
4127,940
4128,220
4129,24
4130,3.5
4131,76
4132,3545
4133,15
4134,272
4135,24.9
4136,1564
4137,40
4138,9
4139,232
4140,272
4141,1244
4142,7200
4143,945
4144,1996
4145,940
4146,39
4147,14
4148,14
4149,263
4150,496
4151,1200
4152,7
4153,594
4154,3179
4155,7
4156,7.5
4157,429
4158,9
4159,24
4160,95
4161,240
4162,78.528
4163,3940
4164,137
4165,96
4166,53
4167,320
4168,12
4169,9
4170,298592
4171,19.75
4172,184.8
4173,360
4174,768
4175,4500
4176,8
4177,96
4178,945.6
4179,18
4180,284.8
4181,36000
4182,3456
4183,153
4184,284
4185,23
4186,15
4187,72
4188,9
4189,4
4190,32
4191,942
4192,24
4193,8
4194,0.9
4195,9.46875
4196,85
4197,24
4198,8.288
4199,27
4200,1484
4201,99
4202,130%
4203,8
4204,1
4205,36750
4206,223
4207,918
4208,99
4209,940
4210,1498
4211,24
4212,96
4213,48
4214,63
4215,9
4216,14
4217,90
4218,240
4219,1050
4220,4
4221,90
4222,72
4223,496
4224,9
4225,4376
4226,16
4227,180
4228,9
4229,777.6
4230,39
4231,28
4232,45.14
4233,11.25%
4234,47.36
4235,24
4236,9
4237,72
4238,8
4239,96
4240,90
4241,240
4242,32
4243,440
4244,57
4245,640
4246,340
4247,33
4248,1440
4249,4.5
4250,9
4251,18
4252,1800
4253,5.15
4254,32
4255,13
4256,16.24
4257,1
4258,150
4259,144
4260,32
4261,548
4262,48
4263,720
4264,288
4265,1
4266,0.9
4267,54
4268,144
4269,8.59
4270,45
4271,24
4272,36
4273,51.6
4274,12
4275,1440
4276,288
4277,125
4278,22
4279,48992
4280,13.45
4281,94.96
4282,96
4283,440
4284,57
4285,2700
4286,19
4287,27000
4288,18
4289,3488
4290,72
4291,18
4292,10
4293,33324
4294,9
4295,144
4296,16
4297,84
4298,238
4299,90
4300,15
4301,14
4302,760
4303,9.47
4304,420
4305,89
4306,44
4307,9
4308,24
4309,45
4310,240
4311,2400
4312,45
4313,288
4314,25%
4315,10%
4316,5946
4317,210
4318,760
4319,20
4320,1140
4321,9
4322,305
4323,14.4
4324,9
4325,0
4326,51.066
4327,9
4328,80
4329,0.048
4330,48
4331,585855
4332,15
4333,288
4334,2814
4335,40
4336,90
4337,209
4338,32
4339,40
4340,0.1%
4341,970
4342,96
4343,900
4344,396
4345,24.9
4346,80%
4347,9.6
4348,64%
4349,280
4350,8
4351,40
4352,24
4353,18
4354,9
4355,28
4356,2.5
4357,88
4358,1.82
4359,90
4360,9.432
4361,16
4362,5
4363,7.5
4364,360
4365,26666
4366,240
4367,48/5
4368,27000
4369,540
4370,72
4371,93.875
4372,24
4373,27
4374,19
4375,7/19
4376,89
4377,5.3764
4378,90
4379,9
4380,75.36
4381,94
4382,7.8928
4383,45
4384,1944
4385,15
4386,1/10
4387,20.1
4388,225
4389,4
4390,240
4391,54432
4392,7
4393,0.4
4394,49
4395,51200
4396,6400
4397,360000
4398,42/9
4399,27
4400,20
4401,2940
4402,384
4403,14
4404,9
4405,9
4406,96
4407,8.4
4408,19
4409,26
4410,4
4411,994.4448
4412,180
4413,948
4414,144
4415,80
4416,17
4417,20
4418,2400
4419,330
4420,5
4421,75
4422,14.6
4423,300
4424,942.64
4425,480
4426,876000
4427,78400
4428,756
4429,94.24
4430,94.24
4431,24
4432,2/3
4433,960
4434,2
4435,960
4436,75
4437,79
4438,1256
4439,3.14
4440,15
4441,1440
4442,40%
4443,4.8
4444,144
4445,27
4446,18
4447,189
4448,40.96
4449,942.44
4450,36
4451,4
4452,36
4453,12
4454,2880
4455,76
4456,567000000
4457,59
4458,9
4459,27
4460,72
4461,54.944
4462,72
4463,24
4464,94.24
4465,513.3031270777134
4466,9
4467,3.14
4468,36
4469,840
4470,48
4471,2250
4472,9
4473,9.44
4474,476000
4475,78.896
4476,7.2
4477,20
4478,324
4479,8160
4480,128
4481,390
4482,72
4483,1800
4484,960
4485,180
4486,28
4487,9
4488,30
4489,2512
4490,78.5
4491,2.75
4492,314
4493,9.5
4494,29100
4495,42
4496,9
4497,91
4498,900
4499,15
4500,133.5
4501,13.6
4502,14
4503,3600
4504,94.24
4505,74%
4506,94.96
4507,12.56
4508,1
4509,784
4510,16
4511,120
4512,30
4513,1.512
4514,7
4515,24
4516,31.4
4517,7290
4518,9.42
4519,34
4520,37/36
4521,9.45
4522,9300
4523,9.42
4524,256
4525,9644.8
4526,259444.8
4527,96
4528,128
4529,720
4530,96
4531,30
4532,1500
4533,79
4534,20
4535,96
4536,90
4537,945
4538,4.7
4539,4900
4540,7500
4541,945
4542,31440
4543,7381
4544,759.6
4545,784.2
4546,51200000
4547,24
4548,76
4549,4944
4550,47.625
4551,30%
4552,36
4553,96
4554,17.8
4555,36
4556,314
4557,789.4
4558,214
4559,75
4560,2
4561,94.97
4562,3.6
4563,36
4564,60935
4565,480
4566,300
4567,31.4
4568,314
4569,99%
4570,14.4
4571,196
4572,7.56
4573,310.4
4574,31.4
4575,4
4576,24
4577,90768
4578,945.16
4579,0.9144
4580,3.2
4581,3.14
4582,42
4583,38.4
4584,39
4585,6.28
4586,9.42
4587,1
4588,2600
4589,1000
4590,90
4591,16
4592,72
4593,75440
4594,7
4595,48
4596,15
4597,1/15
4598,14
4599,49
4600,4714
4601,20
4602,270
4603,90
4604,8.096
4605,6.28
4606,784
4607,50.96
4608,7/9
4609,55498.6
4610,180
4611,94.2
4612,39.25
4613,756.63
4614,8.4
4615,3
4616,3
4617,15784.96
4618,360
4619,36
4620,8.096
4621,87.5%
4622,21
4623,544
4624,45.7143
4625,80
4626,96
4627,9.432199999999998
4628,72
4629,12500
4630,29.2
4631,720
4632,74.4
4633,21
4634,99
4635,8
4636,254
4637,42.348999999999
4638,5
4639,49
4640,24
4641,1.256
4642,8.04999927329693
4643,84
4644,58500
4645,1542
4646,1
4647,24
4648,18
4649,27
4650,9.41
4651,90
4652,180
4653,44.5
4654,1000
4655,3.1
4656,5850
4657,72
4658,18
4659,9.6
4660,94.97
4661,153000
4662,7560
4663,9
4664,45
4665,75.33
4666,480
4667,24
4668,14
4669,31400
4670,132
4671,853.64
4672,56.9
4673,240
4674,2640
4675,18
4676,34.2
4677,96%
4678,19.15
4679,942
4680,54
4681,0.35
4682,4%
4683,23
4684,4710
4685,0.7
4686,0.75
4687,18
4688,900
4689,2.6
4690,7.2
4691,12
4692,76
4693,94.24
4694,2
4695,757136.8
4696,94
4697,8.1
4698,42
4699,1196
4700,942
4701,75.36
4702,0.9
4703,17.2
4704,9
4705,
4706,0
4707,36
4708,419
4709,14
4710,90%
4711,239
4712,943.3288
4713,112
4714,96.792
4715,1.44
4716,8.3176
4717,7.068777777777778
4718,1430
4719,44.5
4720,357.1428571429%
4721,872
4722,1114
4723,4.8
4724,94.299799
4725,36.032
4726,9
4727,80
4728,314
4729,18
4730,7
4731,1100
4732,9375
4733,36
4734,8700
4735,80.89
4736,54
4737,9
4738,7500
4739,1375
4740,32
4741,94.97
4742,4.45
4743,942
4744,270
4745,9250.4
4746,9
4747,120
4748,94.96
4749,94.96
4750,270
4751,2
4752,25.12
4753,36
4754,1800
4755,7600
4756,9.432
4757,57
4758,15
4759,8000
4760,8
4761,19/4
4762,9.199999999999998
4763,-4
4764,2424
4765,87
4766,756
4767,945.59
4768,144
4769,24
4770,94.96
4771,9
4772,12.9955
4773,3600
4774,27
4775,80
4776,91.44
4777,75.625
4778,9.4%
4779,90
4780,24.4
4781,943.2
4782,40
4783,192
4784,336
4785,78500
4786,6480
4787,100
4788,4
4789,15.7
4790,19.2
4791,49.55
4792,785.4
4793,5026.54
4794,72
4795,96
4796,755.625
4797,18
4798,27
4799,188.8
4800,753.6
4801,7536
4802,33.3
4803,3.6
4804,7
4805,479.44
4806,7490
4807,16.9714
4808,734.999
4809,832998
4810,3768
4811,31400
4812,6280
4813,70
4814,19
4815,432
4816,84%
4817,23/40
4818,48
4819,5440
4820,14
4821,93.6996
4822,9.4619389335928
4823,9
4824,444.4
4825,270
4826,9
4827,7.5
4828,9.44
4829,9
4830,8
4831,769.2997969
4832,558
4833,9
4834,865.43
4835,96
4836,72.3
4837,25.12
4838,314
4839,94.2
4840,9.42
4841,20
4842,72000
4843,79.18
4844,9
4845,1500
4846,12
4847,96
4848,5684
4849,499
4850,9
4851,75
4852,180
4853,423
4854,15
4855,8
4856,270
4857,90000
4858,50
4859,1/30
4860,60
4861,471.25
4862,9
4863,2.75
4864,3.75
4865,9.432
4866,15
4867,3.5
4868,159
4869,15
4870,420
4871,2.25
4872,12
4873,9600
4874,7200
4875,376.8
4876,3140
4877,942
4878,7200000
4879,5/9
4880,78.5
4881,8
4882,9
4883,3/15
4884,4
4885,870
4886,27
4887,9
4888,34
4889,3
4890,6
4891,30
4892,84
4893,1200
4894,15
4895,6
4896,400
4897,75
4898,3
4899,3
4900,180
4901,14
4902,42.4
4903,490
4904,94.97
4905,94.97
4906,15
4907,14
4908,2
4909,94
4910,240
4911,94.97
4912,7
4913,7
4914,20
4915,46
4916,89.4
4917,54
4918,36
4919,7.5
4920,52
4921,9690
4922,12.4
4923,2.5
4924,7.2
4925,18
4926,2400
4927,2910
4928,7.2
4929,4
4930,72
4931,9
4932,3.75
4933,1.848
4934,49
4935,24
4936,10
4937,7.5
4938,0.8357
4939,24
4940,12
4941,9
4942,18
4943,60
4944,55.25
4945,24
4946,9
4947,78.52
4948,9
4949,7
4950,24
4951,40
4952,50
4953,4
4954,960
4955,0.1
4956,136
4957,13
4958,9
4959,50.24
4960,75.36
4961,120
4962,0.179
4963,24
4964,3
4965,90
4966,93
4967,254
4968,56
4969,62
4970,32
4971,42
4972,78
4973,43
4974,28
4975,63
4976,24
4977,18
4978,17
4979,9
4980,56
4981,15
4982,114
4983,56
4984,21
4985,36
4986,16
4987,34
4988,36
4989,36
4990,35
4991,24
4992,12
4993,4
4994,6
4995,84
4996,9
4997,24
4998,90
4999,30
5000,36
5001,36
5002,24
5003,156
5004,178
5005,1235
5006,20
5007,47
5008,9
5009,47
5010,182
5011,55
5012,9
5013,9
5014,18
5015,180
5016,2
5017,3
5018,2
5019,9
5020,8
5021,16
5022,12
5023,27
5024,4
5025,97
5026,109
5027,259
5028,56
5029,20
5030,14
5031,54
5032,32
5033,18
5034,7
5035,10
5036,4
5037,9
5038,48
5039,59
5040,9
5041,4
5042,20
5043,31
5044,58
5045,36
5046,36
5047,36
5048,8
5049,58
5050,51
5051,42
5052,53
5053,55
5054,17
5055,93
5056,143
5057,90
5058,106
5059,45
5060,115
5061,16
5062,295
5063,95
5064,3
5065,24
5066,20
5067,99
5068,91
5069,80
5070,13
5071,33
5072,248
5073,15
5074,54
5075,57
5076,54
5077,4
5078,56
5079,54
5080,27
5081,30
5082,21
5083,16
5084,4
5085,63
5086,44
5087,24
5088,54
5089,34
5090,32
5091,14
5092,24
5093,23
5094,12
5095,6
5096,8
5097,24
5098,15
5099,18
5100,14
5101,27
5102,6
5103,15
5104,512
5105,27
5106,54
5107,2
5108,24
5109,115
5110,187
5111,21
5112,94
5113,27
5114,184
5115,250
5116,44
5117,125
5118,942.4
5119,72
5120,9
5121,2400
5122,960
5123,20
5124,748
5125,44
5126,36
5127,34
5128,90
5129,18
5130,7.2
5131,300
5132,289
5133,48
5134,270
5135,9
5136,9
5137,20
5138,24
5139,94.24
5140,43.96
5141,7.88
5142,4.925
5143,4219
5144,3
5145,2
5146,240
5147,150
5148,9399.6
5149,249
5150,2768
5151,19
5152,200
5153,8
5154,9.784
5155,3904
5156,97.5
5157,45
5158,795
5159,90
5160,2
5161,99
5162,48
5163,9
5164,1600
5165,72
5166,744
5167,4924
5168,240
5169,942.4
5170,486
5171,7.899799
5172,1.088
5173,9750
5174,33.3333333333
5175,8
5176,96
5177,12
5178,947.84
5179,75
5180,76
5181,9
5182,32880
5183,60
5184,240
5185,2.4
5186,13000
5187,3590
5188,7.384
5189,9500000
5190,18
5191,94
5192,8
5193,9
5194,90
5195,240
5196,84
5197,40
5198,9
5199,0.3
5200,5440
5201,0
5202,36
5203,14
5204,38.5
5205,36.3
5206,5
5207,220
5208,19
5209,4
5210,44
5211,96
5212,720
5213,3000
5214,76
5215,7
5216,18
5217,94.96
5218,34
5219,9.428
5220,360
5221,36
5222,180
5223,8
5224,960
5225,64
5226,937.5
5227,4
5228,48
5229,2700
5230,94.2
5231,32
5232,26.9
5233,756
5234,4960
5235,56400
5236,9544
5237,9.44
5238,56
5239,45
5240,8
5241,11850
5242,5440
5243,25
5244,4800
5245,24
5246,9
5247,42
5248,14
5249,9
5250,4
5251,720
5252,16
5253,48
5254,13
5255,17
5256,7.4
5257,8
5258,5
5259,29
5260,39
5261,120
5262,91
5263,335
5264,0.3
5265,9
5266,4
5267,113.75
5268,990
5269,14
5270,14
5271,12
5272,6
5273,35
5274,540
5275,192
5276,48
5277,592.64
5278,45%
5279,1440
5280,12
5281,0.8%
5282,36
5283,1940
5284,70
5285,942.4
5286,94.2
5287,31.4
5288,90
5289,30
5290,512
5291,96
5292,7.49
5293,79
5294,16
5295,160
5296,25
5297,3
5298,13.5
5299,7200
5300,45
5301,480
5302,180
5303,50
5304,24
5305,274.32
5306,48
5307,384
5308,3950
5309,160
5310,293.5
5311,9.768
5312,9
5313,18
5314,19
5315,80
5316,195
5317,240
5318,90
5319,24
5320,10%
5321,72
5322,32
5323,9.41
5324,94.32
5325,320
5326,150
5327,15
5328,72
5329,54490
5330,0.75
5331,92
5332,1600
5333,599
5334,33
5335,7200
5336,720
5337,27
5338,27
5339,52
5340,1314.0899999999
5341,1440
5342,18
5343,12832
5344,94.24
5345,757.75
5346,18
5347,450
5348,8
5349,230
5350,7040
5351,240
5352,489
5353,2100
5354,17
5355,160
5356,9
5357,240
5358,12
5359,150
5360,942.372
5361,3
5362,32
5363,224
5364,3.6
5365,75
5366,73600
5367,1.5
5368,9424.88
5369,857
5370,1944
5371,90
5372,90000
5373,3940
5374,24
5375,40
5376,18
5377,30
5378,2195
5379,150
5380,24
5381,90
5382,4800
5383,49648.8
5384,35
5385,45
5386,9
5387,1520
5388,1
5389,19
5390,19
5391,7.4
5392,75000
5393,93
5394,9
5395,3
5396,150
5397,22480
5398,209
5399,58
5400,19625
5401,200
5402,24
5403,45
5404,45
5405,96
5406,
5407,720
5408,63000
5409,78
5410,45
5411,19
5412,46.4
5413,1544
5414,4714.89
5415,712.64
5416,50
5417,992
5418,19200
5419,4640
5420,7800
5421,15
5422,45
5423,9.6
5424,1
5425,3
5426,900
5427,960
5428,189
5429,960
5430,76
5431,96
5432,7600
5433,190
5434,
5435,9440
5436,5400
5437,9
5438,9000
5439,9
5440,512
5441,36
5442,90
5443,990
5444,72
5445,1.2
5446,58
5447,5.8
5448,8.1
5449,3
5450,744
5451,72
5452,944.8
5453,420
5454,448
5455,9
5456,9
5457,7840
5458,314
5459,450
5460,240
5461,314
5462,9440
5463,756
5464,14
5465,920
5466,94
5467,4
5468,0.9
5469,29.4
5470,20
5471,4400
5472,90000
5473,7200
5474,8
5475,19
5476,99
5477,30
5478,960
5479,18000
5480,72000
5481,21
5482,7.5
5483,52
5484,0
5485,90
5486,54000000
5487,391
5488,41
5489,3
5490,97
5491,59
5492,14
5493,73
5494,93.475
5495,14
5496,18
5497,24
5498,1450
5499,37.5
5500,11
5501,54
5502,7.5
5503,2430
5504,4950
5505,20
5506,60
5507,3600
5508,425
5509,1240
5510,9
5511,1440
5512,24
5513,14
5514,2100
5515,15
5516,150
5517,320
5518,75
5519,1575
5520,96
5521,288
5522,475500
5523,1968
5524,20
5525,95
5526,78
5527,114
5528,9.144
5529,2895
5530,35
5531,5540
5532,2.25%
5533,128
5534,5
5535,7.099
5536,37800
5537,588
5538,2
5539,36
5540,14
5541,24
5542,81
5543,270
5544,7
5545,30
5546,482
5547,99
5548,9
5549,72
5550,1350
5551,196.4
5552,720
5553,18
5554,9
5555,3300
5556,108
5557,47
5558,8
5559,488
5560,45
5561,270
5562,29920
5563,990
5564,3
5565,24
5566,2
5567,54
5568,8
5569,48
5570,480
5571,4
5572,146
5573,18790
5574,9
5575,5
5576,4
5577,7.6
5578,4.32
5579,144
5580,4.896
5581,32
5582,740.4
5583,510
5584,220
5585,7.5
5586,135
5587,285
5588,1950
5589,41
5590,2.5
5591,48960
5592,45
5593,7560
5594,75
5595,756.76
5596,279
5597,21
5598,96
5599,180000
5600,1696
5601,95000
5602,2400
5603,9
5604,96
5605,1395
5606,9840
5607,19
5608,720
5609,4400
5610,441
5611,48
5612,724
5613,7.125
5614,76
5615,756
5616,7.56
5617,3360
5618,7.5
5619,744.5
5620,0.00125
5621,3140
5622,1
5623,5
5624,284
5625,94.27
5626,9600
5627,1200
5628,7544
5629,96
5630,250
5631,10989
5632,19.8
5633,9450
5634,44.8
5635,7854.4
5636,27000
5637,9474.4
5638,91
5639,73.6
5640,0.8
5641,17912
5642,5940
5643,90
5644,85
5645,240
5646,7
5647,9
5648,78
5649,800
5650,94.8
5651,9
5652,500
5653,96
5654,2
5655,13
5656,300
5657,8
5658,530
5659,12
5660,540
5661,48
5662,36
5663,9
5664,2.25
5665,0
5666,12
5667,90.4
5668,30
5669,10
5670,120
5671,2.04
5672,2700
5673,300
5674,960
5675,942.4
5676,825
5677,36
5678,33
5679,1250
5680,800
5681,876000
5682,7896
5683,9
5684,120
5685,960
5686,80
5687,597
5688,945.6
5689,750
5690,90
5691,1728
5692,9
5693,54
5694,720
5695,180
5696,22500
5697,1600
5698,9
5699,294
5700,36
5701,72
5702,99
5703,24
5704,354
5705,440
5706,13
5707,1200
5708,19
5709,15944.4
5710,0
5711,84
5712,96
5713,4000
5714,0.1
5715,7140
5716,124
5717,8
5718,192
5719,9
5720,9345
5721,756.792
5722,44
5723,25
5724,384
5725,55
5726,7.84
5727,7500
5728,18
5729,16
5730,84
5731,76
5732,2592
5733,279.4
5734,6750
5735,14
5736,942.4
5737,450
5738,27360
5739,18900000000
5740,7.6
5741,2.16
5742,112
5743,45
5744,900
5745,720
5746,736
5747,32
5748,1992.4
5749,50.24
5750,7534
5751,1544
5752,76.4
5753,210
5754,332
5755,45
5756,144
5757,8
5758,190
5759,5.4
5760,32
5761,0.225
5762,230
5763,196
5764,9
5765,8
5766,1536
5767,28.8
5768,480
5769,270
5770,50
5771,192
5772,21.7630435789
5773,240
5774,1.25
5775,4800
5776,45
5777,0
5778,18
5779,11
5780,98
5781,9
5782,960
5783,57
5784,30
5785,437500
5786,144
5787,196
5788,595000
5789,75
5790,150
5791,48
5792,46400
5793,9684.15
5794,40
5795,7290
5796,468
5797,7
5798,4
5799,5.6432
5800,504
5801,8
5802,195
5803,4416
5804,3
5805,0.1
5806,48
5807,2348.4
5808,79
5809,183
5810,72
5811,4.8
5812,9
5813,480
5814,545
5815,202.5
5816,97.5
5817,736
5818,9.6
5819,480
5820,5.4
5821,36
5822,4
5823,27
5824,48
5825,15
5826,1600
5827,9
5828,76
5829,2740
5830,25400
5831,2400
5832,862500
5833,9
5834,134.97
5835,194.99
5836,7680
5837,2.4
5838,75
5839,47.12
5840,24
5841,24
5842,180
5843,6
5844,19
5845,144.5
5846,131.2
5847,2400
5848,3000
5849,59.44
5850,5
5851,72.6
5852,9
5853,960
5854,7
5855,1913
5856,8000
5857,500
5858,540
5859,9
5860,4
5861,48
5862,198.9
5863,1533
5864,25
5865,1.276
5866,360
5867,9
5868,4.5
5869,4.38
5870,45
5871,18
5872,2340
5873,96
5874,150
5875,9.44
5876,52
5877,72
5878,400
5879,180
5880,48
5881,1019
5882,48
5883,250
5884,24
5885,90
5886,39
5887,9
5888,900
5889,144
5890,34
5891,180
5892,449
5893,19.4
5894,640
5895,4
5896,75
5897,0.3
5898,5392
5899,4
5900,4.8
5901,5
5902,75
5903,9
5904,43440
5905,350
5906,44
5907,36
5908,84
5909,14
5910,54
5911,59
5912,32
5913,54
5914,20
5915,26
5916,3
5917,8
5918,52
5919,50
5920,24
5921,9
5922,8
5923,5
5924,23
5925,56
5926,44
5927,38
5928,5209
5929,2167
5930,14
5931,590
5932,6
5933,72
5934,42
5935,2
5936,32
5937,8
5938,6
5939,35
5940,12
5941,20
5942,10
5943,15
5944,15
5945,11
5946,20
5947,24
5948,240
5949,56
5950,6
5951,3
5952,22
5953,49
5954,9
5955,49
5956,27
5957,31
5958,54
5959,44
5960,30
5961,44
5962,36
5963,36
5964,45
5965,24
5966,12
5967,73
5968,46
5969,3
5970,74
5971,53
5972,24
5973,12
5974,6
5975,12
5976,84
5977,12
5978,3
5979,48
5980,9
5981,77
5982,36
5983,4
5984,27
5985,540
5986,27
5987,94
5988,49
5989,27
5990,210
5991,4
5992,45
5993,9
5994,129
5995,544
5996,16
5997,4
5998,17
5999,9
6000,9
6001,45
6002,2
6003,3
6004,4
6005,73
6006,27
6007,16
6008,87
6009,109
6010,259
6011,44
6012,20
6013,19
6014,54
6015,396
6016,27
6017,9
6018,4
6019,20
6020,31
6021,52
6022,72
6023,36
6024,36
6025,8
6026,58
6027,51
6028,59
6029,59
6030,55
6031,13
6032,93
6033,149
6034,82
6035,106
6036,45
6037,115
6038,95
6039,3
6040,91
6041,33
6042,118
6043,15
6044,54
6045,57
6046,54
6047,4
6048,144
6049,51
6050,52
6051,114
6052,53
6053,27
6054,73
6055,98
6056,52
6057,6
6058,15
6059,8
6060,279
6061,171
6062,99
6063,99
6064,11
6065,191
6066,23
6067,48
6068,7
6069,24
6070,4
6071,9
6072,32
6073,72
6074,54
6075,64
6076,4
6077,40
6078,24
6079,45
6080,18
6081,3
6082,27
6083,73
6084,46
6085,194
6086,36
6087,49
6088,24
6089,59
6090,60
6091,17
6092,142
6093,54
6094,44
6095,30
6096,20
6097,21
6098,45
6099,25
6100,8
6101,8
6102,144
6103,7
6104,40
6105,119
6106,34
6107,9
6108,2
6109,3
6110,39
6111,4
6112,24
6113,9
6114,9
6115,21
6116,27
6117,30
6118,186
6119,17
6120,4
6121,73
6122,44
6123,72
6124,34
6125,32
6126,18
6127,36
6128,23
6129,12
6130,6
6131,8
6132,24
6133,15
6134,18
6135,14
6136,27
6137,6
6138,15
6139,512
6140,54
6141,145
6142,139
6143,76
6144,129
6145,21
6146,94
6147,27
6148,568
6149,6
6150,4.5
6151,80
6152,86
6153,46
6154,72
6155,15
6156,360
6157,149
6158,748
6159,598
6160,5
6161,44
6162,80
6163,5.5
6164,0.8
6165,4000
6166,14
6167,28596
6168,240
6169,7920
6170,2914
6171,47
6172,144
6173,18640
6174,15
6175,9
6176,255
6177,9600
6178,4.8
6179,14
6180,4.5
6181,3.1
6182,688
6183,40
6184,790
6185,1994
6186,99
6187,4358
6188,640
6189,443
6190,279
6191,480
6192,437.5
6193,4312.5
6194,765
6195,4960
6196,240
6197,26500
6198,7296
6199,72
6200,48
6201,96
6202,7
6203,432
6204,45
6205,72
6206,284
6207,194
6208,80
6209,27
6210,54
6211,544
6212,3184
6213,260
6214,144
6215,360
6216,199
6217,80
6218,52
6219,6.5
6220,647
6221,
6222,229
6223,53
6224,52
6225,9
6226,244
6227,9
6228,18
6229,72
6230,1065
6231,4196
6232,3
6233,220
6234,144
6235,2200
6236,56
6237,72
6238,179
6239,4
6240,2200
6241,91
6242,598
6243,4
6244,6
6245,1169
6246,2564
6247,88
6248,319
6249,93
6250,5
6251,7
6252,82
6253,210
6254,72
6255,950
6256,58
6257,40
6258,4
6259,33
6260,12
6261,13
6262,512
6263,1459
6264,249
6265,135
6266,35
6267,4
6268,9
6269,944
6270,4000
6271,242
6272,180
6273,147
6274,17.3
6275,8800
6276,24
6277,84
6278,290
6279,18
6280,3
6281,2400
6282,448
6283,30
6284,56.8
6285,0.957
6286,3
6287,49
6288,36
6289,32
6290,48
6291,238
6292,9.68
6293,1025.5
6294,91.6
6295,54
6296,120
6297,289
6298,118.74
6299,549.3
6300,42.64
6301,16
6302,978
6303,180
6304,72
6305,30
6306,5910
6307,210
6308,9
6309,86
6310,159
6311,76
6312,30
6313,24
6314,150
6315,45
6316,36
6317,45
6318,33000
6319,900
6320,25
6321,16
6322,18900
6323,216
6324,17
6325,156
6326,2
6327,1875
6328,350
6329,7530
6330,56720
6331,36480
6332,856
6333,69340
6334,720000
6335,5684
6336,250
6337,4500
6338,32
6339,21
6340,896
6341,240
6342,150
6343,960
6344,7560
6345,4
6346,9
6347,27
6348,16
6349,18
6350,12
6351,5450
6352,19
6353,9
6354,800
6355,9
6356,38
6357,964
6358,12
6359,9
6360,96
6361,96
6362,29680
6363,45
6364,72
6365,27/35
6366,19.2
6367,16
6368,2845
6369,2504
6370,440
6371,3
6372,21
6373,1/3
6374,24
6375,179
6376,279
6377,1536
6378,7.2992
6379,8
6380,6
6381,7.2
6382,3
6383,4200
6384,72
6385,72
6386,91
6387,400
6388,43.5
6389,7.2
6390,45
6391,1.8
6392,18
6393,70
6394,540
6395,3
6396,57600
6397,5.48
6398,4.9
6399,1396
6400,474
6401,240
6402,74
6403,18
6404,720
6405,1790
6406,750
6407,7801
6408,5400
6409,20000
6410,36900
6411,14.32
6412,1400
6413,345
6414,125
6415,219.54
6416,140.1
6417,93.4
6418,4860
6419,36
6420,540
6421,2744
6422,9900
6423,72
6424,95
6425,11
6426,90
6427,270
6428,4
6429,34
6430,192
6431,2.079
6432,368
6433,720
6434,21
6435,24
6436,189
6437,19.2
6438,81
6439,2
6440,1800
6441,
6442,720
6443,32
6444,44
6445,96.1
6446,19.04
6447,128.6
6448,24
6449,70
6450,449.448
6451,40
6452,48
6453,258
6454,59.5
6455,299.4
6456,8640
6457,9.4
6458,920
6459,516.8
6460,7.384
6461,6
6462,760
6463,940
6464,1200
6465,240
6466,44
6467,18
6468,21
6469,81
6470,45
6471,30
6472,42
6473,14
6474,5
6475,9
6476,24
6477,9
6478,4
6479,9
6480,270
6481,75
6482,18
6483,22914
6484,9
6485,90
6486,9
6487,1600
6488,240
6489,4
6490,11.2
6491,140
6492,18
6493,42
6494,9
6495,3.14
6496,278
6497,946.528
6498,39.3
6499,29.7
6500,92
6501,9.6
6502,3.5
6503,19.3333333333
6504,44
6505,6000
6506,99
6507,450
6508,90
6509,16
6510,99
6511,170
6512,16
6513,305
6514,480
6515,9
6516,444
6517,464
6518,5.65
6519,3050
6520,9
6521,19568
6522,6
6523,1
6524,14
6525,14
6526,384
6527,18
6528,72
6529,99
6530,8100
6531,399.125
6532,32
6533,6
6534,47500
6535,3600
6536,104
6537,3
6538,274
6539,184
6540,190
6541,10
6542,15600
6543,3912
6544,27
6545,27320
6546,3200
6547,20
6548,170
6549,250
6550,94
6551,3172
6552,504
6553,9
6554,9
6555,5472
6556,133
6557,7500
6558,81
6559,9
6560,18
6561,6280
6562,4.994
6563,15.44
6564,1064
6565,35
6566,24
6567,174
6568,22575
6569,1440
6570,94
6571,45
6572,7800
6573,75600
6574,3.5
6575,1958
6576,2250
6577,75.44
6578,3430
6579,8
6580,16
6581,1840
6582,85
6583,2700
6584,5
6585,2.22
6586,576
6587,10
6588,79.145592
6589,14
6590,1792
6591,1390
6592,0
6593,990
6594,900
6595,21
6596,94
6597,6
6598,2044
6599,26130
6600,576
6601,2250
6602,54
6603,443
6604,32
6605,234
6606,18750
6607,144
6608,28.5
6609,18
6610,27
6611,25544
6612,5
6613,24
6614,2916
6615,2
6616,624
6617,475
6618,36.875
6619,278
6620,44
6621,9
6622,18
6623,768
6624,1596
6625,6000
6626,5456
6627,1599
6628,600
6629,60
6630,1696
6631,22.2
6632,36
6633,71.44
6634,150
6635,4.825
6636,18
6637,9
6638,24
6639,274400
6640,95
6641,9.4375
6642,19740
6643,36
6644,552
6645,200
6646,4500
6647,69640
6648,1891400
6649,3
6650,434
6651,352
6652,44
6653,915
6654,469
6655,9.04
6656,17
6657,16
6658,165
6659,540
6660,9
6661,2644
6662,91
6663,7
6664,862
6665,24
6666,45
6667,616
6668,909
6669,17
6670,9450
6671,1872
6672,18
6673,425
6674,149
6675,271
6676,20
6677,2984
6678,36000
6679,3550
6680,34
6681,960
6682,494
6683,24
6684,6040
6685,168
6686,525
6687,744
6688,29400
6689,996
6690,7.5
6691,52
6692,20
6693,560
6694,2400
6695,112
6696,8
6697,6750
6698,996
6699,0.3
6700,149
6701,720
6702,6860
6703,17
6704,3610
6705,9
6706,3
6707,9
6708,5.92
6709,712
6710,7200
6711,8
6712,94
6713,14
6714,9
6715,17
6716,18
6717,17
6718,18
6719,23
6720,185
6721,3216
6722,30
6723,15
6724,2524
6725,920
6726,440
6727,6
6728,18
6729,6
6730,21
6731,49
6732,4
6733,24
6734,40
6735,54
6736,52
6737,205
6738,20
6739,566
6740,14
6741,35
6742,7
6743,22
6744,12
6745,15
6746,2
6747,3
6748,30
6749,42
6750,11
6751,24
6752,29
6753,45
6754,36
6755,100
6756,47
6757,8
6758,39
6759,27
6760,35
6761,45
6762,12
6763,20
6764,4
6765,38
6766,4
6767,90
6768,2
6769,4
6770,2
6771,14
6772,9
6773,60
6774,40
6775,2
6776,24
6777,29
6778,4
6779,37
6780,41
6781,35
6782,45
6783,43
6784,14
6785,126
6786,44
6787,49
6788,8
6789,68
6790,187
6791,7
6792,58
6793,89
6794,18
6795,10
6796,59
6797,54
6798,45
6799,99
6800,29
6801,45
6802,280
6803,29
6804,19
6805,144
6806,65
6807,150
6808,10
6809,11
6810,57
6811,54
6812,96
6813,79
6814,59
6815,17
6816,6
6817,22
6818,87
6819,109
6820,23
6821,13
6822,59
6823,23
6824,1
6825,45
6826,45
6827,58
6828,12
6829,38
6830,57
6831,189
6832,57
6833,34
6834,4
6835,50
6836,54
6837,8
6838,368
6839,5
6840,15
6841,35
6842,8
6843,8
6844,9
6845,18
6846,9
6847,39
6848,4
6849,18
6850,21
6851,23
6852,20
6853,15
6854,36
6855,23
6856,24
6857,18
6858,714
6859,178
6860,1120
6861,90
6862,80
6863,89400
6864,360
6865,4
6866,24
6867,94%
6868,2800
6869,840
6870,16.8
6871,15448
6872,19240
6873,15000
6874,3200
6875,192
6876,33.333333
6877,4
6878,2640
6879,54
6880,48
6881,32
6882,108
6883,18
6884,64
6885,200
6886,744
6887,792
6888,24
6889,9
6890,42
6891,54
6892,49
6893,4875
6894,7.2
6895,350
6896,499.6
6897,720
6898,7560
6899,900
6900,72
6901,5.6
6902,756
6903,45
6904,9
6905,136
6906,24
6907,84
6908,82
6909,625
6910,119
6911,180
6912,54
6913,96%
6914,0.92
6915,2
6916,753.6
6917,240
6918,754.4
6919,364.8
6920,372
6921,364
6922,48
6923,27
6924,2
6925,24
6926,24
6927,15000
6928,44
6929,11664
6930,4792
6931,9.04
6932,144
6933,19.4
6934,0.9
6935,14
6936,27
6937,16
6938,18
6939,4
6940,0.8%
6941,238.5
6942,75
6943,110%
6944,1259.2
6945,44
6946,8.1
6947,4
6948,24
6949,75
6950,90
6951,3145
6952,780
6953,96
6954,12.875
6955,96
6956,14
6957,7.2
6958,16
6959,94.792
6960,5
6961,76.8
6962,5400
6963,480
6964,5.25
6965,9
6966,36
6967,249.184
6968,8
6969,32
6970,36
6971,48
6972,54
6973,14
6974,36
6975,24
6976,15
6977,21
6978,96
6979,144
6980,24
6981,40%
6982,36750
6983,7200
6984,9
6985,48
6986,864
6987,94
6988,40
6989,15
6990,1.8
6991,9600
6992,48
6993,36
6994,270
6995,3720
6996,9100
6997,0.464
6998,45000
6999,5440
7000,24
7001,0.9
7002,9
7003,8
7004,4996
7005,9
7006,360
7007,590
7008,0.3
7009,48
7010,870
7011,18
7012,2500
7013,90
7014,82
7015,94400
7016,1500
7017,9
7018,720
7019,1760
7020,160
7021,942.4
7022,90
7023,48
7024,5
7025,180
7026,360
7027,2.534
7028,40%
7029,7680
7030,72
7031,72
7032,876000000
7033,10
7034,40%
7035,48
7036,3.5
7037,158.32%
7038,512
7039,969
7040,24
7041,780
7042,4438
7043,990
7044,99
7045,9
7046,220
7047,44
7048,30
7049,20%
7050,314.5
7051,2916
7052,18
7053,7.2
7054,26
7055,240
7056,7.469779513083893
7057,195
7058,18
7059,280
7060,96%
7061,12
7062,21
7063,
7064,9.75
7065,3.7
7066,1600
7067,10.4
7068,9
7069,4.33
7070,9.42
7071,9
7072,750
7073,8
7074,70%
7075,7.2
7076,540
7077,45
7078,2454
7079,6
7080,157.2
7081,180
7082,90
7083,940
7084,4
7085,9
7086,182
7087,12.9
7088,18
7089,39
7090,48
7091,48
7092,18
7093,720
7094,----------
7095,240
7096,24
7097,36
7098,94.97
7099,7.384
7100,49
7101,24400
7102,147964
7103,4
7104,9
7105,27
7106,942
7107,4000
7108,23
7109,55
7110,8
7111,82
7112,9.43
7113,8
7114,23.96
7115,75
7116,720
7117,36568
7118,7344
7119,411
7120,16
7121,2954.6
7122,9400
7123,5
7124,32
7125,8.4
7126,900
7127,15.166666667
7128,84
7129,225
7130,12.56
7131,9
7132,72
7133,75
7134,212
7135,43
7136,240
7137,220
7138,100
7139,72
7140,4.12
7141,0.696
7142,450
7143,9%
7144,9
7145,22
7146,85%
7147,30%
7148,2.94
7149,24
7150,35
7151,7.8
7152,540
7153,19
7154,32
7155,24000
7156,41040
7157,49
7158,127.7
7159,7.2
7160,81
7161,4750
7162,11
7163,72
7164,1384
7165,1.5
7166,560
7167,960
7168,975
7169,48
7170,4
7171,8
7172,192
7173,48%
7174,20%
7175,78400
7176,12
7177,1000
7178,225
7179,154
7180,94.24
7181,525
7182,1480
7183,3330
7184,27
7185,95
7186,27
7187,7680
7188,14
7189,119
7190,194
7191,48
7192,225
7193,92888.84
7194,6264
7195,28.6
7196,2400
7197,1440
7198,37
7199,27
7200,27
7201,15
7202,5320
7203,870
7204,2
7205,72
7206,285
7207,9
7208,7200
7209,564
7210,285
7211,0.514
7212,96
7213,7.2
7214,9
7215,801.44
7216,80
7217,44.192
7218,25.12
7219,854
7220,7
7221,192
7222,9
7223,120%
7224,90
7225,75
7226,4.8
7227,29
7228,128
7229,-30
7230,20%
7231,180
7232,30
7233,1874400
7234,17.5
7235,135
7236,25.4792
7237,20
7238,195
7239,19
7240,3
7241,1244
7242,44
7243,900
7244,9
7245,630
7246,90
7247,7.2
7248,168
7249,360
7250,1350
7251,11
7252,72
7253,72
7254,0.001
7255,750
7256,4945
7257,510
7258,15440
7259,241
7260,15
7261,27
7262,72000
7263,144
7264,768
7265,45
7266,792
7267,1600
7268,2.5
7269,1040
7270,51.84
7271,78.592
7272,12
7273,180
7274,9.48
7275,240
7276,180
7277,900
7278,9600
7279,40000
7280,14
7281,88
7282,240
7283,5%
7284,14
7285,40
7286,24
7287,12
7288,16
7289,160
7290,72
7291,5700
7292,25
7293,115
7294,1200
7295,4.5
7296,120
7297,48
7298,568
7299,45.4
7300,94
7301,80
7302,270
7303,180
7304,4900
7305,10
7306,270
7307,750
7308,450
7309,7.2
7310,7000
7311,5000000
7312,944
7313,960
7314,76.89
7315,72
7316,24
7317,314
7318,944
7319,945.84
7320,21
7321,24
7322,283
7323,560
7324,357.6
7325,8.5
7326,7000
7327,2
7328,75000
7329,0
7330,9
7331,420
7332,4.7085
7333,950
7334,2700
7335,259
7336,49500
7337,768000
7338,27
7339,15888
7340,42.975
7341,80
7342,24
7343,2.4
7344,216
7345,452
7346,90.7
7347,4480
7348,75.392
7349,284
7350,36
7351,84
7352,90
7353,90
7354,700
7355,744
7356,9
7357,244
7358,24
7359,234
7360,24
7361,1944
7362,456
7363,9
7364,160
7365,312
7366,46875
7367,7400
7368,3600
7369,180
7370,4.8
7371,9
7372,720
7373,64
7374,54
7375,3.75
7376,23/40
7377,51.544
7378,12
7379,9848
7380,48400
7381,160
7382,7500
7383,12
7384,45
7385,963.94
7386,80
7387,2250
7388,7.92
7389,13.25
7390,24
7391,6
7392,18
7393,3140
7394,120
7395,950
7396,57600
7397,84
7398,4
7399,36
7400,36
7401,18
7402,4.75
7403,32
7404,2
7405,3600
7406,4.3125
7407,25
7408,417259
7409,950
7410,184
7411,54
7412,90
7413,50
7414,73
7415,4
7416,9
7417,49.6
7418,195
7419,1
7420,94
7421,5.25
7422,9
7423,9
7424,91
7425,9
7426,72
7427,18
7428,160
7429,5400
7430,94%
7431,480
7432,55
7433,7
7434,9
7435,480
7436,144
7437,13.8
7438,72
7439,2.4
7440,28480
7441,9
7442,240
7443,480
7444,225
7445,0.96
7446,3
7447,180
7448,9600
7449,9900
7450,2.571067877997962
7451,240
7452,47
7453,190
7454,5
7455,32
7456,36%
7457,9
7458,5.89
7459,3.6
7460,538
7461,11280
7462,192
7463,4884
7464,9.7
7465,729
7466,3600
7467,1200
7468,12500
7469,24
7470,314
7471,16
7472,40
7473,0.35
7474,153
7475,9
7476,2800
7477,3
7478,59
7479,4.16
7480,14
7481,7.5
7482,280
7483,1800
7484,4400
7485,36
7486,576
7487,27
7488,18
7489,4800
7490,13
7491,1337
7492,24
7493,140
7494,360
7495,24
7496,8.4
7497,550
7498,33
7499,18
7500,79.04999999999998
7501,8
7502,7200
7503,3.6
7504,2100
7505,543
7506,28
7507,9360
7508,20
7509,153
7510,18
7511,9450
7512,1890
7513,9
7514,1022
7515,954
7516,69
7517,270
7518,9
7519,0.6
7520,945
7521,3100
7522,4710
7523,48
7524,7564
7525,72
7526,54400
7527,5650000
7528,9.5
7529,14
7530,360
7531,150
7532,9
7533,2840
7534,2240
7535,444.4
7536,182
7537,14
7538,48
7539,7.6
7540,95
7541,90
7542,
7543,48
7544,45
7545,5360
7546,80
7547,94.97
7548,450
7549,7500
7550,12
7551,471.96
7552,215
7553,74
7554,74
7555,4200
7556,19
7557,18000
7558,48
7559,36
7560,15
7561,9
7562,720
7563,29.75
7564,25
7565,192
7566,99
7567,14.25
7568,9420
7569,4760
7570,18
7571,9
7572,14.72
7573,32
7574,19200
7575,6
7576,4
7577,628
7578,48.075
7579,7/15
7580,96
7581,96
7582,29.4
7583,75
7584,15000
7585,90000
7586,91.2
7587,20
7588,20
7589,51
7590,9
7591,27
7592,20
7593,2
7594,14
7595,37440
7596,29
7597,48
7598,78.64
7599,44
7600,9
7601,9
7602,9344
7603,48
7604,48
7605,448
7606,128
7607,9420
7608,44
7609,31
7610,225
7611,1.88
7612,11.75
7613,44
7614,9.696
7615,0
7616,3
7617,15
7618,54
7619,36
7620,30
7621,12
7622,45
7623,9
7624,0
7625,9
7626,496
7627,27.5
7628,11.99
7629,0.8
7630,0.685
7631,7.4
7632,288
7633,2400
7634,180
7635,90%
7636,96
7637,67.5
7638,2.5
7639,54
7640,9.768
7641,0.48
7642,47/80
7643,32
7644,24
7645,18
7646,6.3
7647,9
7648,3/6
7649,5/7
7650,7360
7651,7875
7652,0.003
7653,6
7654,12
7655,14400
7656,3/21
7657,96
7658,84
7659,4.32
7660,7776
7661,32.8
7662,20
7663,49
7664,7
7665,0.48
7666,24
7667,44900
7668,19
7669,29
7670,245
7671,95
7672,18
7673,12
7674,12
7675,515
7676,192
7677,19680
7678,2.25
7679,27
7680,27
7681,3968
7682,37
7683,7
7684,900
7685,40
7686,400
7687,71
7688,4/7
7689,144
7690,17782
7691,36
7692,7944
7693,84
7694,3
7695,5340
7696,9
7697,39
7698,9
7699,26
7700,5
7701,43.2
7702,11
7703,13.5
7704,13.45
7705,19
7706,39990
7707,540
7708,28
7709,60
7710,360
7711,7/20
7712,39
7713,9/4
7714,3
7715,72
7716,54
7717,7.99
7718,5/8
7719,96
7720,27
7721,9.344
7722,145
7723,60
7724,1350
7725,9
7726,9/10
7727,14.2
7728,216
7729,4
7730,140
7731,8904
7732,22.5
7733,2
7734,720
7735,945
7736,15
7737,11
7738,90
7739,70
7740,94
7741,720
7742,36
7743,85
7744,840
7745,840
7746,14
7747,24
7748,294
7749,9
7750,14.5
7751,490
7752,2.1
7753,5824
7754,9
7755,9
7756,72
7757,1920
7758,240
7759,29./50
7760,4
7761,13.2
7762,900
7763,3
7764,12
7765,1/10
7766,9
7767,35040
7768,9
7769,28
7770,159
7771,2865
7772,750
7773,900
7774,48
7775,243
7776,2644
7777,24
7778,9
7779,450
7780,23
7781,900
7782,4
7783,462
7784,540
7785,15
7786,19.1666667
7787,1440
7788,240
7789,15000
7790,448.5
7791,8
7792,532
7793,11/7
7794,14
7795,12
7796,8
7797,18
7798,18900
7799,960
7800,325
7801,210
7802,45000
7803,3/4
7804,36
7805,72
7806,9.6
7807,220
7808,582
7809,35
7810,5.2
7811,24
7812,3.125
7813,300
7814,9
7815,9
7816,4/5
7817,12
7818,16
7819,2100
7820,12
7821,7/10
7822,5444
7823,716
7824,6
7825,31.2
7826,50%
7827,8/15
7828,8000
7829,7.5
7830,72
7831,944
7832,27
7833,15
7834,3.15
7835,21
7836,7/24
7837,72
7838,7200
7839,9
7840,84
7841,4/7
7842,4
7843,21
7844,750
7845,24
7846,7.6
7847,240
7848,143
7849,940
7850,
7851,35/49
7852,575
7853,13
7854,8
7855,4
7856,24
7857,24
7858,48
7859,940
7860,20
7861,20
7862,128
7863,4
7864,20.6
7865,4
7866,4680
7867,19
7868,2.5
7869,3
7870,200
7871,3/4
7872,72
7873,12.6
7874,28
7875,75%
7876,7
7877,7
7878,80
7879,11
7880,3/4
7881,300
7882,55
7883,5/3
7884,3/4
7885,3/5
7886,96
7887,37/54
7888,54
7889,360
7890,45
7891,2.5
7892,3/4
7893,3690
7894,4799
7895,289
7896,54424
7897,7
7898,90
7899,12
7900,49
7901,76
7902,8
7903,30
7904,6.04
7905,54
7906,5640
7907,72
7908,3.5
7909,3/7
7910,16
7911,25
7912,16
7913,5936
7914,14700
7915,3/16
7916,10
7917,48
7918,4
7919,2160
7920,3/20
7921,96
7922,3
7923,2
7924,12
7925,754.8
7926,540
7927,600
7928,20
7929,840
7930,50
7931,80
7932,4/5
7933,36
7934,394
7935,7/8
7936,2/5
7937,1/5
7938,1024
7939,9
7940,7
7941,3
7942,3/20
7943,9
7944,240
7945,46
7946,9.5
7947,23
7948,40
7949,96
7950,48
7951,9.6
7952,1083
7953,24
7954,88.1
7955,86
7956,10.75
7957,4664
7958,9
7959,1344
7960,7/10
7961,15
7962,34
7963,3
7964,9600
7965,54
7966,15
7967,72
7968,3194
7969,54
7970,275
7971,7.4
7972,499.2
7973,20
7974,12
7975,210
7976,72
7977,40
7978,7
7979,8
7980,34
7981,768
7982,25
7983,9440
7984,80
7985,170
7986,9
7987,975
7988,180
7989,72000
7990,2754
7991,240
7992,7
7993,1200
7994,293
7995,24
7996,360
7997,56400
7998,0.75
7999,5
